time,value
20-02-2022 12:58,-0.025634
20-02-2022 13:01,-0.025634
20-02-2022 13:03,-0.024718
20-02-2022 13:04,-0.023803
20-02-2022 13:06,-0.022887
20-02-2022 13:07,-0.022887
20-02-2022 13:09,-0.022887
20-02-2022 13:10,-0.021972
20-02-2022 13:12,-0.021056
20-02-2022 13:13,-0.021056
20-02-2022 13:15,-0.020141
20-02-2022 13:16,-0.020141
20-02-2022 13:18,-0.019225
20-02-2022 13:19,-0.019225
20-02-2022 13:21,-0.01831
20-02-2022 13:22,-0.01831
20-02-2022 13:24,-0.017394
20-02-2022 13:27,-0.015563
20-02-2022 13:30,-0.014648
20-02-2022 13:33,-0.013732
20-02-2022 13:36,-0.012817
20-02-2022 13:39,-0.011901
20-02-2022 13:42,-0.01007
20-02-2022 13:45,-0.009155
20-02-2022 13:48,-0.008239
20-02-2022 13:51,-0.007324
20-02-2022 13:54,-0.005493
20-02-2022 13:57,-0.004577
20-02-2022 14:00,-0.003662
20-02-2022 14:03,-0.001831
20-02-2022 14:06,-0.000915
20-02-2022 14:09,0
20-02-2022 14:12,0.001831
20-02-2022 14:15,0.002746
20-02-2022 14:17,0.003662
20-02-2022 14:18,0.003662
20-02-2022 14:20,0.004577
20-02-2022 14:21,0.004577
20-02-2022 14:23,0.005493
20-02-2022 14:24,0.006408
20-02-2022 14:26,0.007324
20-02-2022 14:27,0.007324
20-02-2022 14:29,0.008239
20-02-2022 14:30,0.009155
20-02-2022 14:32,0.01007
20-02-2022 14:33,0.01007
20-02-2022 14:35,0.010986
20-02-2022 14:36,0.010986
20-02-2022 14:38,0.011901
20-02-2022 14:41,0.013732
20-02-2022 14:44,0.014648
20-02-2022 14:47,0.016479
20-02-2022 14:50,0.017394
20-02-2022 14:53,0.019225
20-02-2022 14:56,0.020141
20-02-2022 14:59,0.021972
20-02-2022 15:02,0.023803
20-02-2022 15:05,0.024718
20-02-2022 15:08,0.026549
20-02-2022 15:11,0.027465
20-02-2022 15:14,0.029296
20-02-2022 15:17,0.030211
20-02-2022 15:20,0.032042
20-02-2022 15:23,0.032958
20-02-2022 15:26,0.034789
20-02-2022 15:28,0.035704
20-02-2022 15:29,0.035704
20-02-2022 15:31,0.03662
20-02-2022 15:32,0.037535
20-02-2022 15:34,0.038451
20-02-2022 15:35,0.038451
20-02-2022 15:37,0.040282
20-02-2022 15:38,0.040282
20-02-2022 15:40,0.041197
20-02-2022 15:41,0.042113
20-02-2022 15:43,0.043028
20-02-2022 15:44,0.043028
20-02-2022 15:46,0.043944
20-02-2022 15:47,0.044859
20-02-2022 15:49,0.04669
20-02-2022 15:50,0.04669
20-02-2022 15:52,0.047606
20-02-2022 15:55,0.049437
20-02-2022 15:58,0.050352
20-02-2022 16:01,0.053099
20-02-2022 16:04,0.054014
20-02-2022 16:07,0.055845
20-02-2022 16:10,0.057676
20-02-2022 16:13,0.059507
20-02-2022 16:16,0.061338
20-02-2022 16:19,0.063169
20-02-2022 16:22,0.065
20-02-2022 16:25,0.066831
20-02-2022 16:28,0.068662
20-02-2022 16:31,0.070493
20-02-2022 16:34,0.072324
20-02-2022 16:37,0.074155
20-02-2022 16:40,0.075986
20-02-2022 16:42,0.076902
20-02-2022 16:43,0.077817
20-02-2022 16:45,0.079648
20-02-2022 16:46,0.078733
20-02-2022 16:48,0.080564
20-02-2022 16:49,0.081479
20-02-2022 16:51,0.082395
20-02-2022 16:52,0.082395
20-02-2022 16:54,0.08331
20-02-2022 16:55,0.084226
20-02-2022 16:57,0.085141
20-02-2022 16:58,0.086057
20-02-2022 17:00,0.086972
20-02-2022 17:01,0.087888
20-02-2022 17:03,0.089719
20-02-2022 17:06,0.090634
20-02-2022 17:09,0.092465
20-02-2022 17:12,0.093381
20-02-2022 17:15,0.095212
20-02-2022 17:18,0.096127
20-02-2022 17:21,0.097043
20-02-2022 17:24,0.098874
20-02-2022 17:27,0.100705
20-02-2022 17:30,0.10162
20-02-2022 17:33,0.102536
20-02-2022 17:36,0.103451
20-02-2022 17:39,0.104367
20-02-2022 17:42,0.105282
20-02-2022 17:45,0.106198
20-02-2022 17:48,0.107113
20-02-2022 17:51,0.108029
20-02-2022 17:54,0.108029
20-02-2022 17:56,0.108944
20-02-2022 17:57,0.10986
20-02-2022 17:59,0.10986
20-02-2022 18:00,0.10986
20-02-2022 18:02,0.10986
20-02-2022 18:03,0.110775
20-02-2022 18:05,0.110775
20-02-2022 18:06,0.110775
20-02-2022 18:08,0.110775
20-02-2022 18:09,0.10986
20-02-2022 18:11,0.110775
20-02-2022 18:12,0.110775
20-02-2022 18:14,0.111691
20-02-2022 18:15,0.110775
20-02-2022 18:17,0.111691
20-02-2022 18:20,0.110775
20-02-2022 18:23,0.111691
20-02-2022 18:26,0.110775
20-02-2022 18:29,0.110775
20-02-2022 18:32,0.110775
20-02-2022 18:35,0.110775
20-02-2022 18:38,0.10986
20-02-2022 18:41,0.110775
20-02-2022 18:44,0.10986
20-02-2022 18:47,0.10986
20-02-2022 18:50,0.10986
20-02-2022 18:53,0.10986
20-02-2022 18:56,0.108944
20-02-2022 18:59,0.108029
20-02-2022 19:02,0.108029
20-02-2022 19:05,0.108029
20-02-2022 19:08,0.107113
20-02-2022 19:10,0.107113
20-02-2022 19:11,0.106198
20-02-2022 19:13,0.106198
20-02-2022 19:14,0.105282
20-02-2022 19:16,0.105282
20-02-2022 19:17,0.105282
20-02-2022 19:19,0.104367
20-02-2022 19:20,0.104367
20-02-2022 19:22,0.104367
20-02-2022 19:23,0.103451
20-02-2022 19:25,0.103451
20-02-2022 19:26,0.103451
20-02-2022 19:28,0.102536
20-02-2022 19:29,0.10162
20-02-2022 19:31,0.10162
20-02-2022 19:34,0.100705
20-02-2022 19:37,0.099789
20-02-2022 19:40,0.098874
20-02-2022 19:43,0.097958
20-02-2022 19:46,0.097043
20-02-2022 19:49,0.096127
20-02-2022 19:52,0.095212
20-02-2022 19:55,0.093381
20-02-2022 19:58,0.092465
20-02-2022 20:01,0.090634
20-02-2022 20:04,0.088803
20-02-2022 20:07,0.086972
20-02-2022 20:10,0.086057
20-02-2022 20:13,0.085141
20-02-2022 20:16,0.082395
20-02-2022 20:19,0.081479
20-02-2022 20:21,0.079648
20-02-2022 20:22,0.079648
20-02-2022 20:24,0.077817
20-02-2022 20:25,0.076902
20-02-2022 20:27,0.075071
20-02-2022 20:28,0.075071
20-02-2022 20:30,0.07324
20-02-2022 20:31,0.072324
20-02-2022 20:33,0.071409
20-02-2022 20:34,0.069578
20-02-2022 20:36,0.067747
20-02-2022 20:37,0.067747
20-02-2022 20:39,0.065916
20-02-2022 20:40,0.065
20-02-2022 20:42,0.064085
20-02-2022 20:43,0.063169
20-02-2022 20:45,0.061338
20-02-2022 20:48,0.059507
20-02-2022 20:51,0.056761
20-02-2022 20:54,0.054014
20-02-2022 20:57,0.052183
20-02-2022 21:00,0.049437
20-02-2022 21:03,0.04669
20-02-2022 21:06,0.043944
20-02-2022 21:09,0.242113
20-02-2022 21:12,0.240282
20-02-2022 21:15,0.238451
20-02-2022 21:18,0.23662
20-02-2022 21:21,0.034789
20-02-2022 21:24,0.033873
20-02-2022 21:27,0.033873
20-02-2022 21:30,0.032958
20-02-2022 21:33,0.032042
20-02-2022 21:35,0.032042
20-02-2022 21:36,0.031127
20-02-2022 21:38,0.031127
20-02-2022 21:39,0.031127
20-02-2022 21:41,0.030211
20-02-2022 21:42,0.031127
20-02-2022 21:44,0.030211
20-02-2022 21:45,0.030211
20-02-2022 21:47,0.030211
20-02-2022 21:48,0.030211
20-02-2022 21:50,0.030211
20-02-2022 21:51,0.030211
20-02-2022 21:53,0.029296
20-02-2022 21:54,0.029296
20-02-2022 21:56,0.029296
20-02-2022 21:59,0.029296
20-02-2022 22:02,0.029296
20-02-2022 22:05,0.02838
20-02-2022 22:08,0.02838
20-02-2022 22:11,0.02838
20-02-2022 22:14,0.02838
20-02-2022 22:17,0.02838
20-02-2022 22:20,0.027465
20-02-2022 22:23,0.027465
20-02-2022 22:26,0.027465
20-02-2022 22:29,0.027465
20-02-2022 22:32,0.026549
20-02-2022 22:35,0.026549
20-02-2022 22:38,0.026549
20-02-2022 22:41,0.026549
20-02-2022 22:44,0.026549
20-02-2022 22:47,0.026549
20-02-2022 22:49,0.026549
20-02-2022 22:50,0.026549
20-02-2022 22:52,0.026549
20-02-2022 22:53,0.026549
20-02-2022 22:55,0.026549
20-02-2022 22:56,0.025634
20-02-2022 22:58,0.026549
20-02-2022 22:59,0.026549
20-02-2022 23:01,0.026549
20-02-2022 23:02,0.026549
20-02-2022 23:04,0.026549
20-02-2022 23:05,0.026549
20-02-2022 23:07,0.026549
20-02-2022 23:08,0.027465
20-02-2022 23:10,0.027465
20-02-2022 23:13,0.026549
20-02-2022 23:16,0.027465
20-02-2022 23:19,0.027465
20-02-2022 23:22,0.027465
20-02-2022 23:25,0.02838
20-02-2022 23:28,0.02838
20-02-2022 23:31,0.029296
20-02-2022 23:34,0.030211
20-02-2022 23:40,0.030211
20-02-2022 23:43,0.031127
20-02-2022 23:46,0.031127
20-02-2022 23:49,0.032042
20-02-2022 23:52,0.032042
20-02-2022 23:55,0.032042
20-02-2022 23:58,0.032958
21-02-2022 00:01,0.032958
21-02-2022 00:03,0.032958
21-02-2022 00:04,0.032958
21-02-2022 00:06,0.033873
21-02-2022 00:07,0.033873
21-02-2022 00:09,0.033873
21-02-2022 00:10,0.033873
21-02-2022 00:12,0.033873
21-02-2022 00:13,0.033873
21-02-2022 00:15,0.034789
21-02-2022 00:16,0.034789
21-02-2022 00:18,0.034789
21-02-2022 00:19,0.034789
21-02-2022 00:21,0.034789
21-02-2022 00:22,0.035704
21-02-2022 00:24,0.035704
21-02-2022 00:27,0.035704
21-02-2022 00:30,0.03662
21-02-2022 00:33,0.03662
21-02-2022 00:36,0.03662
21-02-2022 00:39,0.037535
21-02-2022 00:42,0.037535
21-02-2022 00:45,0.038451
21-02-2022 00:48,0.038451
21-02-2022 00:51,0.039366
21-02-2022 00:54,0.039366
21-02-2022 00:57,0.039366
21-02-2022 01:00,0.040282
21-02-2022 01:03,0.040282
21-02-2022 01:06,0.041197
21-02-2022 01:09,0.041197
21-02-2022 01:12,0.042113
21-02-2022 01:14,0.042113
21-02-2022 01:15,0.043028
21-02-2022 01:17,0.043028
21-02-2022 01:18,0.043028
21-02-2022 01:20,0.043028
21-02-2022 01:21,0.043944
21-02-2022 01:23,0.043944
21-02-2022 01:24,0.043944
21-02-2022 01:26,0.043944
21-02-2022 01:27,0.044859
21-02-2022 01:29,0.044859
21-02-2022 01:30,0.044859
21-02-2022 01:32,0.045775
21-02-2022 01:33,0.045775
21-02-2022 01:35,0.045775
21-02-2022 01:36,0.045775
21-02-2022 01:38,0.04669
21-02-2022 01:41,0.04669
21-02-2022 01:44,0.047606
21-02-2022 01:47,0.048521
21-02-2022 01:50,0.049437
21-02-2022 01:53,0.049437
21-02-2022 01:56,0.050352
21-02-2022 01:59,0.050352
21-02-2022 02:02,0.051268
21-02-2022 02:05,0.051268
21-02-2022 02:08,0.052183
21-02-2022 02:11,0.053099
21-02-2022 02:14,0.054014
21-02-2022 02:17,0.05493
21-02-2022 02:20,0.05493
21-02-2022 02:23,0.055845
21-02-2022 02:26,0.056761
21-02-2022 02:28,0.056761
21-02-2022 02:29,0.057676
21-02-2022 02:31,0.057676
21-02-2022 02:32,0.057676
21-02-2022 02:34,0.058592
21-02-2022 02:35,0.058592
21-02-2022 02:37,0.059507
21-02-2022 02:38,0.059507
21-02-2022 02:40,0.060423
21-02-2022 02:41,0.060423
21-02-2022 02:43,0.060423
21-02-2022 02:44,0.061338
21-02-2022 02:46,0.061338
21-02-2022 02:47,0.061338
21-02-2022 02:49,0.062254
21-02-2022 02:52,0.063169
21-02-2022 02:55,0.064085
21-02-2022 02:58,0.065
21-02-2022 03:01,0.065916
21-02-2022 03:04,0.066831
21-02-2022 03:07,0.066831
21-02-2022 03:10,0.068662
21-02-2022 03:13,0.068662
21-02-2022 03:16,0.070493
21-02-2022 03:19,0.070493
21-02-2022 03:22,0.072324
21-02-2022 03:25,0.072324
21-02-2022 03:28,0.074155
21-02-2022 03:31,0.074155
21-02-2022 03:34,0.075986
21-02-2022 03:37,0.075986
21-02-2022 03:40,0.077817
21-02-2022 03:42,0.077817
21-02-2022 03:43,0.078733
21-02-2022 03:45,0.078733
21-02-2022 03:46,0.079648
21-02-2022 03:48,0.080564
21-02-2022 03:49,0.080564
21-02-2022 03:51,0.081479
21-02-2022 03:52,0.081479
21-02-2022 03:54,0.082395
21-02-2022 03:55,0.08331
21-02-2022 03:57,0.08331
21-02-2022 03:58,0.084226
21-02-2022 04:00,0.084226
21-02-2022 04:01,0.085141
21-02-2022 04:03,0.086057
21-02-2022 04:06,0.086057
21-02-2022 04:09,0.087888
21-02-2022 04:12,0.088803
21-02-2022 04:15,0.089719
21-02-2022 04:18,0.090634
21-02-2022 04:21,0.09155
21-02-2022 04:24,0.092465
21-02-2022 04:27,0.093381
21-02-2022 04:30,0.094296
21-02-2022 04:33,0.096127
21-02-2022 04:36,0.097043
21-02-2022 04:39,0.097958
21-02-2022 04:42,0.098874
21-02-2022 04:45,0.098874
21-02-2022 04:48,0.100705
21-02-2022 04:51,0.100705
21-02-2022 04:53,0.10162
21-02-2022 04:54,0.102536
21-02-2022 04:56,0.102536
21-02-2022 04:57,0.103451
21-02-2022 04:59,0.104367
21-02-2022 05:00,0.103451
21-02-2022 05:02,0.104367
21-02-2022 05:03,0.105282
21-02-2022 05:05,0.105282
21-02-2022 05:06,0.106198
21-02-2022 05:08,0.106198
21-02-2022 05:09,0.106198
21-02-2022 05:11,0.107113
21-02-2022 05:12,0.107113
21-02-2022 05:14,0.108029
21-02-2022 05:15,0.108029
21-02-2022 05:17,0.108944
21-02-2022 05:20,0.10986
21-02-2022 05:23,0.10986
21-02-2022 05:26,0.111691
21-02-2022 05:29,0.111691
21-02-2022 05:32,0.112606
21-02-2022 05:35,0.113522
21-02-2022 05:38,0.114437
21-02-2022 05:41,0.115353
21-02-2022 05:44,0.116268
21-02-2022 05:47,0.116268
21-02-2022 05:50,0.118099
21-02-2022 05:53,0.118099
21-02-2022 05:56,0.119015
21-02-2022 05:59,0.119015
21-02-2022 06:02,0.11993
21-02-2022 06:05,0.120846
21-02-2022 06:07,0.120846
21-02-2022 06:08,0.120846
21-02-2022 06:10,0.121761
21-02-2022 06:11,0.121761
21-02-2022 06:13,0.121761
21-02-2022 06:14,0.121761
21-02-2022 06:16,0.122677
21-02-2022 06:17,0.122677
21-02-2022 06:19,0.122677
21-02-2022 06:20,0.122677
21-02-2022 06:22,0.122677
21-02-2022 06:23,0.123592
21-02-2022 06:25,0.123592
21-02-2022 06:26,0.123592
21-02-2022 06:28,0.123592
21-02-2022 06:31,0.124508
21-02-2022 06:34,0.124508
21-02-2022 06:37,0.124508
21-02-2022 06:40,0.125423
21-02-2022 06:43,0.125423
21-02-2022 06:46,0.125423
21-02-2022 06:49,0.125423
21-02-2022 06:52,0.126339
21-02-2022 06:55,0.126339
21-02-2022 06:58,0.125423
21-02-2022 07:01,0.125423
21-02-2022 07:04,0.125423
21-02-2022 07:07,0.125423
21-02-2022 07:10,0.124508
21-02-2022 07:13,0.124508
21-02-2022 07:16,0.124508
21-02-2022 07:19,0.123592
21-02-2022 07:21,0.122677
21-02-2022 07:22,0.122677
21-02-2022 07:24,0.122677
21-02-2022 07:25,0.121761
21-02-2022 07:27,0.121761
21-02-2022 07:28,0.120846
21-02-2022 07:30,0.11993
21-02-2022 07:31,0.11993
21-02-2022 07:33,0.119015
21-02-2022 07:34,0.119015
21-02-2022 07:36,0.118099
21-02-2022 07:37,0.118099
21-02-2022 07:39,0.116268
21-02-2022 07:40,0.117184
21-02-2022 07:42,0.115353
21-02-2022 07:45,0.113522
21-02-2022 07:48,0.111691
21-02-2022 07:51,0.10986
21-02-2022 07:54,0.107113
21-02-2022 07:57,0.104367
21-02-2022 08:00,0.10162
21-02-2022 08:03,0.098874
21-02-2022 08:06,0.096127
21-02-2022 08:09,0.092465
21-02-2022 08:12,0.089719
21-02-2022 08:15,0.086057
21-02-2022 08:18,0.082395
21-02-2022 08:21,0.078733
21-02-2022 08:24,0.075071
21-02-2022 08:27,0.070493
21-02-2022 08:30,0.066831
21-02-2022 08:32,0.064085
21-02-2022 08:33,0.063169
21-02-2022 08:35,0.060423
21-02-2022 08:36,0.057676
21-02-2022 08:38,0.05493
21-02-2022 08:39,0.054014
21-02-2022 08:41,0.051268
21-02-2022 08:42,0.050352
21-02-2022 08:44,0.04669
21-02-2022 08:45,0.044859
21-02-2022 08:47,0.042113
21-02-2022 08:48,0.041197
21-02-2022 08:50,0.038451
21-02-2022 08:51,0.03662
21-02-2022 08:53,0.034789
21-02-2022 08:54,0.032958
21-02-2022 08:56,0.030211
21-02-2022 08:59,0.026549
21-02-2022 09:02,0.021972
21-02-2022 09:05,0.01831
21-02-2022 09:08,0.014648
21-02-2022 09:11,0.010986
21-02-2022 09:14,0.007324
21-02-2022 09:17,0.004577
21-02-2022 09:20,0.000915
21-02-2022 09:23,-0.002746
21-02-2022 09:26,-0.005493
21-02-2022 09:29,-0.008239
21-02-2022 09:32,-0.010986
21-02-2022 09:35,-0.013732
21-02-2022 09:38,-0.015563
21-02-2022 09:41,-0.01831
21-02-2022 09:44,-0.020141
21-02-2022 09:46,-0.021056
21-02-2022 09:47,-0.022887
21-02-2022 09:49,-0.022887
21-02-2022 09:50,-0.023803
21-02-2022 09:52,-0.024718
21-02-2022 09:53,-0.026549
21-02-2022 09:55,-0.026549
21-02-2022 09:56,-0.027465
21-02-2022 09:58,-0.02838
21-02-2022 09:59,-0.029296
21-02-2022 10:01,-0.029296
21-02-2022 10:02,-0.031127
21-02-2022 10:04,-0.032042
21-02-2022 10:05,-0.032042
21-02-2022 10:07,-0.032958
21-02-2022 10:08,-0.033873
21-02-2022 10:10,-0.034789
21-02-2022 10:13,-0.035704
21-02-2022 10:16,-0.03662
21-02-2022 10:19,-0.03662
21-02-2022 10:22,-0.039366
21-02-2022 10:25,-0.041197
21-02-2022 10:28,-0.041197
21-02-2022 10:31,-0.042113
21-02-2022 10:34,-0.043028
21-02-2022 10:37,-0.044859
21-02-2022 10:40,-0.04669
21-02-2022 10:43,-0.045775
21-02-2022 10:46,-0.045775
21-02-2022 10:49,-0.044859
21-02-2022 10:52,-0.04669
21-02-2022 10:55,-0.04669
21-02-2022 10:58,-0.047606
21-02-2022 11:00,-0.047606
21-02-2022 11:01,-0.047606
21-02-2022 11:03,-0.048521
21-02-2022 11:04,-0.047606
21-02-2022 11:06,-0.048521
21-02-2022 11:07,-0.047606
21-02-2022 11:09,-0.047606
21-02-2022 11:10,-0.048521
21-02-2022 11:12,-0.048521
21-02-2022 11:13,-0.048521
21-02-2022 11:15,-0.048521
21-02-2022 11:16,-0.048521
21-02-2022 11:18,-0.048521
21-02-2022 11:19,-0.048521
21-02-2022 11:21,-0.047606
21-02-2022 11:24,-0.047606
21-02-2022 11:27,-0.048521
21-02-2022 11:30,-0.047606
21-02-2022 11:33,-0.047606
21-02-2022 11:36,-0.047606
21-02-2022 11:39,-0.047606
21-02-2022 11:42,-0.04669
21-02-2022 11:45,-0.04669
21-02-2022 11:48,-0.045775
21-02-2022 11:51,-0.045775
21-02-2022 11:54,-0.045775
21-02-2022 11:57,-0.045775
21-02-2022 12:00,-0.044859
21-02-2022 12:03,-0.044859
21-02-2022 12:06,-0.043944
21-02-2022 12:09,-0.043028
21-02-2022 12:12,-0.042113
21-02-2022 12:14,-0.042113
21-02-2022 12:15,-0.041197
21-02-2022 12:17,-0.041197
21-02-2022 12:18,-0.041197
21-02-2022 12:20,-0.041197
21-02-2022 12:21,-0.040282
21-02-2022 12:23,-0.040282
21-02-2022 12:24,-0.039366
21-02-2022 12:26,-0.039366
21-02-2022 12:27,-0.039366
21-02-2022 12:29,-0.038451
21-02-2022 12:30,-0.038451
21-02-2022 12:32,-0.038451
21-02-2022 12:33,-0.038451
21-02-2022 12:35,-0.03662
21-02-2022 12:38,-0.03662
21-02-2022 12:41,-0.035704
21-02-2022 12:44,-0.034789
21-02-2022 12:47,-0.033873
21-02-2022 12:50,-0.032958
21-02-2022 12:53,-0.032042
21-02-2022 12:56,-0.031127
21-02-2022 12:59,-0.030211
21-02-2022 13:02,-0.030211
21-02-2022 13:05,-0.02838
21-02-2022 13:08,-0.027465
21-02-2022 13:11,-0.026549
21-02-2022 13:14,-0.025634
21-02-2022 13:17,-0.024718
21-02-2022 13:20,-0.023803
21-02-2022 13:23,-0.022887
21-02-2022 13:25,-0.021972
21-02-2022 13:26,-0.021972
21-02-2022 13:28,-0.021056
21-02-2022 13:29,-0.021056
21-02-2022 13:31,-0.020141
21-02-2022 13:32,-0.020141
21-02-2022 13:34,-0.019225
21-02-2022 13:35,-0.01831
21-02-2022 13:37,-0.017394
21-02-2022 13:38,-0.017394
21-02-2022 13:40,-0.016479
21-02-2022 13:41,-0.016479
21-02-2022 13:43,-0.015563
21-02-2022 13:44,-0.015563
21-02-2022 13:46,-0.014648
21-02-2022 13:47,-0.014648
21-02-2022 13:49,-0.013732
21-02-2022 13:52,-0.011901
21-02-2022 13:55,-0.011901
21-02-2022 13:58,-0.010986
21-02-2022 14:01,-0.009155
21-02-2022 14:04,-0.009155
21-02-2022 14:07,-0.007324
21-02-2022 14:10,-0.007324
21-02-2022 14:13,-0.005493
21-02-2022 14:16,-0.005493
21-02-2022 14:19,-0.003662
21-02-2022 14:22,-0.003662
21-02-2022 14:25,-0.001831
21-02-2022 14:28,-0.000915
21-02-2022 14:31,0
21-02-2022 14:34,0.000915
21-02-2022 14:37,0.001831
21-02-2022 14:39,0.002746
21-02-2022 14:40,0.003662
21-02-2022 14:42,0.004577
21-02-2022 14:43,0.004577
21-02-2022 14:45,0.005493
21-02-2022 14:46,0.007324
21-02-2022 14:48,0.007324
21-02-2022 14:49,0.008239
21-02-2022 14:51,0.009155
21-02-2022 14:52,0.01007
21-02-2022 14:54,0.01007
21-02-2022 14:55,0.011901
21-02-2022 14:57,0.012817
21-02-2022 14:58,0.012817
21-02-2022 15:00,0.013732
21-02-2022 15:03,0.015563
21-02-2022 15:06,0.016479
21-02-2022 15:09,0.01831
21-02-2022 15:12,0.020141
21-02-2022 15:15,0.021056
21-02-2022 15:18,0.023803
21-02-2022 15:21,0.024718
21-02-2022 15:24,0.025634
21-02-2022 15:27,0.027465
21-02-2022 15:30,0.029296
21-02-2022 15:33,0.030211
21-02-2022 15:36,0.032042
21-02-2022 15:39,0.032958
21-02-2022 15:42,0.035704
21-02-2022 15:45,0.03662
21-02-2022 15:48,0.038451
21-02-2022 15:51,0.040282
21-02-2022 15:53,0.041197
21-02-2022 15:54,0.041197
21-02-2022 15:56,0.042113
21-02-2022 15:57,0.043944
21-02-2022 15:59,0.044859
21-02-2022 16:00,0.044859
21-02-2022 16:02,0.045775
21-02-2022 16:03,0.04669
21-02-2022 16:05,0.047606
21-02-2022 16:06,0.048521
21-02-2022 16:08,0.049437
21-02-2022 16:09,0.050352
21-02-2022 16:11,0.052183
21-02-2022 16:12,0.052183
21-02-2022 16:14,0.053099
21-02-2022 16:17,0.055845
21-02-2022 16:20,0.057676
21-02-2022 16:23,0.059507
21-02-2022 16:26,0.061338
21-02-2022 16:29,0.062254
21-02-2022 16:32,0.065
21-02-2022 16:35,0.066831
21-02-2022 16:38,0.068662
21-02-2022 16:41,0.070493
21-02-2022 16:44,0.072324
21-02-2022 16:47,0.074155
21-02-2022 16:50,0.075986
21-02-2022 16:53,0.077817
21-02-2022 16:56,0.079648
21-02-2022 16:59,0.081479
21-02-2022 17:02,0.082395
21-02-2022 17:05,0.084226
21-02-2022 17:07,0.085141
21-02-2022 17:08,0.085141
21-02-2022 17:10,0.086972
21-02-2022 17:11,0.086972
21-02-2022 17:13,0.087888
21-02-2022 17:14,0.088803
21-02-2022 17:16,0.089719
21-02-2022 17:17,0.089719
21-02-2022 17:19,0.090634
21-02-2022 17:20,0.09155
21-02-2022 17:22,0.092465
21-02-2022 17:23,0.092465
21-02-2022 17:25,0.093381
21-02-2022 17:26,0.093381
21-02-2022 17:28,0.094296
21-02-2022 17:31,0.095212
21-02-2022 17:34,0.096127
21-02-2022 17:37,0.097043
21-02-2022 17:40,0.097958
21-02-2022 17:43,0.097958
21-02-2022 17:46,0.099789
21-02-2022 17:49,0.100705
21-02-2022 17:52,0.100705
21-02-2022 17:55,0.10162
21-02-2022 17:58,0.10162
21-02-2022 18:01,0.102536
21-02-2022 18:04,0.103451
21-02-2022 18:07,0.103451
21-02-2022 18:10,0.104367
21-02-2022 18:13,0.104367
21-02-2022 18:16,0.103451
21-02-2022 18:18,0.103451
21-02-2022 18:19,0.104367
21-02-2022 18:21,0.104367
21-02-2022 18:22,0.104367
21-02-2022 18:24,0.104367
21-02-2022 18:25,0.104367
21-02-2022 18:27,0.104367
21-02-2022 18:28,0.104367
21-02-2022 18:30,0.104367
21-02-2022 18:31,0.104367
21-02-2022 18:33,0.104367
21-02-2022 18:34,0.103451
21-02-2022 18:36,0.104367
21-02-2022 18:37,0.104367
21-02-2022 18:39,0.104367
21-02-2022 18:40,0.104367
21-02-2022 18:42,0.104367
21-02-2022 18:45,0.103451
21-02-2022 18:48,0.103451
21-02-2022 18:51,0.103451
21-02-2022 18:54,0.102536
21-02-2022 18:57,0.102536
21-02-2022 19:00,0.10162
21-02-2022 19:03,0.10162
21-02-2022 19:06,0.100705
21-02-2022 19:09,0.100705
21-02-2022 19:12,0.099789
21-02-2022 19:15,0.098874
21-02-2022 19:18,0.097958
21-02-2022 19:21,0.097043
21-02-2022 19:24,0.096127
21-02-2022 19:27,0.095212
21-02-2022 19:30,0.094296
21-02-2022 19:32,0.093381
21-02-2022 19:33,0.093381
21-02-2022 19:35,0.093381
21-02-2022 19:36,0.092465
21-02-2022 19:38,0.092465
21-02-2022 19:39,0.092465
21-02-2022 19:41,0.09155
21-02-2022 19:42,0.09155
21-02-2022 19:44,0.090634
21-02-2022 19:45,0.090634
21-02-2022 19:47,0.089719
21-02-2022 19:48,0.088803
21-02-2022 19:50,0.088803
21-02-2022 19:51,0.087888
21-02-2022 19:53,0.086972
21-02-2022 19:56,0.086057
21-02-2022 19:59,0.085141
21-02-2022 20:02,0.08331
21-02-2022 20:05,0.082395
21-02-2022 20:08,0.081479
21-02-2022 20:11,0.079648
21-02-2022 20:14,0.078733
21-02-2022 20:17,0.076902
21-02-2022 20:20,0.075986
21-02-2022 20:23,0.074155
21-02-2022 20:26,0.072324
21-02-2022 20:29,0.070493
21-02-2022 20:32,0.068662
21-02-2022 20:35,0.066831
21-02-2022 20:38,0.065
21-02-2022 20:41,0.062254
21-02-2022 20:44,0.060423
21-02-2022 20:46,0.059507
21-02-2022 20:47,0.058592
21-02-2022 20:49,0.057676
21-02-2022 20:50,0.056761
21-02-2022 20:52,0.05493
21-02-2022 20:53,0.054014
21-02-2022 20:55,0.052183
21-02-2022 20:56,0.052183
21-02-2022 20:58,0.050352
21-02-2022 20:59,0.049437
21-02-2022 21:01,0.047606
21-02-2022 21:02,0.04669
21-02-2022 21:04,0.045775
21-02-2022 21:05,0.044859
21-02-2022 21:07,0.043028
21-02-2022 21:10,0.041197
21-02-2022 21:13,0.039366
21-02-2022 21:16,0.037535
21-02-2022 21:19,0.035704
21-02-2022 21:22,0.034789
21-02-2022 21:25,0.032958
21-02-2022 21:28,0.032042
21-02-2022 21:31,0.030211
21-02-2022 21:34,0.029296
21-02-2022 21:37,0.02838
21-02-2022 21:40,0.02838
21-02-2022 21:43,0.027465
21-02-2022 21:46,0.026549
21-02-2022 21:49,0.026549
21-02-2022 21:52,0.026549
21-02-2022 21:55,0.026549
21-02-2022 21:58,0.025634
21-02-2022 22:00,0.025634
21-02-2022 22:01,0.025634
21-02-2022 22:03,0.024718
21-02-2022 22:04,0.024718
21-02-2022 22:06,0.025634
21-02-2022 22:07,0.024718
21-02-2022 22:09,0.024718
21-02-2022 22:10,0.024718
21-02-2022 22:12,0.024718
21-02-2022 22:13,0.024718
21-02-2022 22:15,0.024718
21-02-2022 22:16,0.024718
21-02-2022 22:18,0.025634
21-02-2022 22:19,0.024718
21-02-2022 22:21,0.025634
21-02-2022 22:24,0.024718
21-02-2022 22:27,0.025634
21-02-2022 22:30,0.025634
21-02-2022 22:33,0.025634
21-02-2022 22:36,0.026549
21-02-2022 22:39,0.026549
21-02-2022 22:42,0.026549
21-02-2022 22:45,0.027465
21-02-2022 22:48,0.027465
21-02-2022 22:51,0.027465
21-02-2022 22:54,0.027465
21-02-2022 22:57,0.027465
21-02-2022 23:00,0.02838
21-02-2022 23:03,0.027465
21-02-2022 23:06,0.02838
21-02-2022 23:09,0.02838
21-02-2022 23:11,0.02838
21-02-2022 23:12,0.02838
21-02-2022 23:14,0.02838
21-02-2022 23:15,0.02838
21-02-2022 23:17,0.02838
21-02-2022 23:18,0.02838
21-02-2022 23:20,0.02838
21-02-2022 23:21,0.029296
21-02-2022 23:23,0.029296
21-02-2022 23:24,0.029296
21-02-2022 23:26,0.029296
21-02-2022 23:27,0.029296
21-02-2022 23:29,0.029296
21-02-2022 23:30,0.029296
21-02-2022 23:32,0.029296
21-02-2022 23:33,0.029296
21-02-2022 23:35,0.029296
21-02-2022 23:38,0.029296
21-02-2022 23:41,0.030211
21-02-2022 23:44,0.030211
21-02-2022 23:47,0.030211
21-02-2022 23:50,0.030211
21-02-2022 23:53,0.030211
21-02-2022 23:56,0.030211
21-02-2022 23:59,0.031127
22-02-2022 00:02,0.031127
22-02-2022 00:05,0.031127
22-02-2022 00:08,0.032042
22-02-2022 00:11,0.032042
22-02-2022 00:14,0.032042
22-02-2022 00:17,0.032042
22-02-2022 00:20,0.032958
22-02-2022 00:23,0.032958
22-02-2022 00:25,0.032958
22-02-2022 00:26,0.032958
22-02-2022 00:28,0.032958
22-02-2022 00:29,0.033873
22-02-2022 00:31,0.033873
22-02-2022 00:32,0.033873
22-02-2022 00:34,0.033873
22-02-2022 00:35,0.033873
22-02-2022 00:37,0.033873
22-02-2022 00:38,0.034789
22-02-2022 00:40,0.034789
22-02-2022 00:41,0.034789
22-02-2022 00:43,0.034789
22-02-2022 00:44,0.035704
22-02-2022 00:46,0.035704
22-02-2022 00:49,0.035704
22-02-2022 00:52,0.035704
22-02-2022 00:55,0.03662
22-02-2022 00:58,0.035704
22-02-2022 01:01,0.037535
22-02-2022 01:04,0.037535
22-02-2022 01:07,0.037535
22-02-2022 01:10,0.038451
22-02-2022 01:13,0.038451
22-02-2022 01:16,0.039366
22-02-2022 01:19,0.039366
22-02-2022 01:22,0.040282
22-02-2022 01:25,0.040282
22-02-2022 01:28,0.041197
22-02-2022 01:31,0.041197
22-02-2022 01:34,0.041197
22-02-2022 01:37,0.042113
22-02-2022 01:39,0.042113
22-02-2022 01:40,0.042113
22-02-2022 01:42,0.043028
22-02-2022 01:43,0.043028
22-02-2022 01:45,0.043028
22-02-2022 01:46,0.043944
22-02-2022 01:48,0.043944
22-02-2022 01:49,0.043944
22-02-2022 01:51,0.044859
22-02-2022 01:52,0.044859
22-02-2022 01:54,0.044859
22-02-2022 01:55,0.044859
22-02-2022 01:57,0.045775
22-02-2022 01:58,0.045775
22-02-2022 02:00,0.04669
22-02-2022 02:03,0.04669
22-02-2022 02:06,0.047606
22-02-2022 02:09,0.048521
22-02-2022 02:12,0.049437
22-02-2022 02:15,0.049437
22-02-2022 02:18,0.050352
22-02-2022 02:21,0.051268
22-02-2022 02:24,0.052183
22-02-2022 02:27,0.053099
22-02-2022 02:30,0.054014
22-02-2022 02:33,0.054014
22-02-2022 02:36,0.05493
22-02-2022 02:39,0.055845
22-02-2022 02:42,0.056761
22-02-2022 02:45,0.057676
22-02-2022 02:48,0.058592
22-02-2022 02:51,0.059507
22-02-2022 02:53,0.059507
22-02-2022 02:54,0.060423
22-02-2022 02:56,0.060423
22-02-2022 02:57,0.061338
22-02-2022 02:59,0.062254
22-02-2022 03:00,0.062254
22-02-2022 03:02,0.062254
22-02-2022 03:03,0.063169
22-02-2022 03:05,0.064085
22-02-2022 03:06,0.064085
22-02-2022 03:08,0.064085
22-02-2022 03:09,0.065
22-02-2022 03:11,0.065916
22-02-2022 03:12,0.065916
22-02-2022 03:14,0.065916
22-02-2022 03:17,0.067747
22-02-2022 03:20,0.068662
22-02-2022 03:23,0.069578
22-02-2022 03:26,0.070493
22-02-2022 03:29,0.071409
22-02-2022 03:32,0.072324
22-02-2022 03:35,0.07324
22-02-2022 03:38,0.075071
22-02-2022 03:41,0.075986
22-02-2022 03:44,0.076902
22-02-2022 03:47,0.077817
22-02-2022 03:50,0.078733
22-02-2022 03:53,0.079648
22-02-2022 03:56,0.081479
22-02-2022 03:59,0.081479
22-02-2022 04:02,0.08331
22-02-2022 04:04,0.084226
22-02-2022 04:05,0.084226
22-02-2022 04:07,0.085141
22-02-2022 04:08,0.085141
22-02-2022 04:10,0.086057
22-02-2022 04:11,0.086972
22-02-2022 04:13,0.087888
22-02-2022 04:14,0.086972
22-02-2022 04:16,0.087888
22-02-2022 04:17,0.088803
22-02-2022 04:19,0.089719
22-02-2022 04:20,0.089719
22-02-2022 04:22,0.089719
22-02-2022 04:23,0.09155
22-02-2022 04:25,0.09155
22-02-2022 04:26,0.09155
22-02-2022 04:28,0.092465
22-02-2022 04:31,0.093381
22-02-2022 04:34,0.094296
22-02-2022 04:37,0.095212
22-02-2022 04:40,0.096127
22-02-2022 04:43,0.097043
22-02-2022 04:46,0.098874
22-02-2022 04:49,0.099789
22-02-2022 04:52,0.10162
22-02-2022 04:55,0.100705
22-02-2022 04:58,0.102536
22-02-2022 05:01,0.103451
22-02-2022 05:04,0.104367
22-02-2022 05:07,0.105282
22-02-2022 05:10,0.106198
22-02-2022 05:13,0.107113
22-02-2022 05:16,0.108029
22-02-2022 05:18,0.108029
22-02-2022 05:19,0.108029
22-02-2022 05:21,0.108944
22-02-2022 05:22,0.10986
22-02-2022 05:24,0.110775
22-02-2022 05:25,0.10986
22-02-2022 05:27,0.110775
22-02-2022 05:28,0.111691
22-02-2022 05:30,0.111691
22-02-2022 05:31,0.111691
22-02-2022 05:33,0.112606
22-02-2022 05:34,0.112606
22-02-2022 05:36,0.112606
22-02-2022 05:37,0.113522
22-02-2022 05:39,0.114437
22-02-2022 05:42,0.114437
22-02-2022 05:45,0.115353
22-02-2022 05:48,0.117184
22-02-2022 05:51,0.117184
22-02-2022 05:54,0.118099
22-02-2022 05:57,0.119015
22-02-2022 06:00,0.119015
22-02-2022 06:03,0.11993
22-02-2022 06:06,0.120846
22-02-2022 06:09,0.120846
22-02-2022 06:12,0.121761
22-02-2022 06:15,0.122677
22-02-2022 06:18,0.122677
22-02-2022 06:21,0.122677
22-02-2022 06:24,0.123592
22-02-2022 06:27,0.123592
22-02-2022 06:30,0.123592
22-02-2022 06:32,0.124508
22-02-2022 06:33,0.124508
22-02-2022 06:35,0.124508
22-02-2022 06:36,0.124508
22-02-2022 06:38,0.125423
22-02-2022 06:39,0.125423
22-02-2022 06:41,0.125423
22-02-2022 06:42,0.125423
22-02-2022 06:44,0.125423
22-02-2022 06:45,0.125423
22-02-2022 06:47,0.125423
22-02-2022 06:48,0.125423
22-02-2022 06:50,0.125423
22-02-2022 06:51,0.125423
22-02-2022 06:53,0.125423
22-02-2022 06:56,0.125423
22-02-2022 06:59,0.125423
22-02-2022 07:02,0.125423
22-02-2022 07:05,0.125423
22-02-2022 07:08,0.124508
22-02-2022 07:11,0.124508
22-02-2022 07:14,0.123592
22-02-2022 07:17,0.123592
22-02-2022 07:20,0.122677
22-02-2022 07:23,0.121761
22-02-2022 07:26,0.120846
22-02-2022 07:27,0.120846
22-02-2022 07:29,0.11993
22-02-2022 07:32,0.119015
22-02-2022 07:35,0.118099
22-02-2022 07:38,0.116268
22-02-2022 07:41,0.114437
22-02-2022 07:43,0.113522
22-02-2022 07:44,0.113522
22-02-2022 07:46,0.111691
22-02-2022 07:47,0.111691
22-02-2022 07:49,0.10986
22-02-2022 07:50,0.10986
22-02-2022 07:52,0.108029
22-02-2022 07:53,0.107113
22-02-2022 07:55,0.105282
22-02-2022 07:56,0.104367
22-02-2022 07:58,0.103451
22-02-2022 07:59,0.102536
22-02-2022 08:01,0.100705
22-02-2022 08:02,0.099789
22-02-2022 08:04,0.097958
22-02-2022 08:05,0.097043
22-02-2022 08:07,0.095212
22-02-2022 08:10,0.09155
22-02-2022 08:13,0.088803
22-02-2022 08:16,0.085141
22-02-2022 08:19,0.081479
22-02-2022 08:22,0.077817
22-02-2022 08:25,0.07324
22-02-2022 08:28,0.069578
22-02-2022 08:31,0.065916
22-02-2022 08:34,0.061338
22-02-2022 08:37,0.056761
22-02-2022 08:40,0.053099
22-02-2022 08:43,0.048521
22-02-2022 08:46,0.043944
22-02-2022 08:49,0.040282
22-02-2022 08:52,0.03662
22-02-2022 08:55,0.032042
22-02-2022 08:57,0.029296
22-02-2022 08:58,0.02838
22-02-2022 09:00,0.025634
22-02-2022 09:01,0.023803
22-02-2022 09:03,0.021972
22-02-2022 09:04,0.020141
22-02-2022 09:06,0.01831
22-02-2022 09:07,0.017394
22-02-2022 09:09,0.014648
22-02-2022 09:10,0.013732
22-02-2022 09:12,0.010986
22-02-2022 09:13,0.01007
22-02-2022 09:15,0.008239
22-02-2022 09:16,0.006408
22-02-2022 09:18,0.004577
22-02-2022 09:21,0.000915
22-02-2022 09:24,-0.001831
22-02-2022 09:27,-0.004577
22-02-2022 09:30,-0.007324
22-02-2022 09:33,-0.01007
22-02-2022 09:36,-0.011901
22-02-2022 09:39,-0.014648
22-02-2022 09:42,-0.016479
22-02-2022 09:45,-0.01831
22-02-2022 09:48,-0.021056
22-02-2022 09:51,-0.022887
22-02-2022 09:54,-0.023803
22-02-2022 09:57,-0.026549
22-02-2022 10:00,-0.027465
22-02-2022 10:03,-0.029296
22-02-2022 10:06,-0.030211
22-02-2022 10:09,-0.032042
22-02-2022 10:11,-0.032958
22-02-2022 10:12,-0.033873
22-02-2022 10:14,-0.033873
22-02-2022 10:15,-0.033873
22-02-2022 10:17,-0.035704
22-02-2022 10:18,-0.035704
22-02-2022 10:20,-0.035704
22-02-2022 10:21,-0.035704
22-02-2022 10:23,-0.037535
22-02-2022 10:24,-0.03662
22-02-2022 10:26,-0.037535
22-02-2022 10:27,-0.037535
22-02-2022 10:29,-0.039366
22-02-2022 10:30,-0.039366
22-02-2022 10:32,-0.039366
22-02-2022 10:35,-0.039366
22-02-2022 10:38,-0.043944
22-02-2022 10:41,-0.044859
22-02-2022 10:44,-0.043028
22-02-2022 10:47,-0.043028
22-02-2022 10:50,-0.043944
22-02-2022 10:53,-0.043944
22-02-2022 10:56,-0.043944
22-02-2022 10:59,-0.044859
22-02-2022 11:02,-0.044859
22-02-2022 11:05,-0.044859
22-02-2022 11:08,-0.044859
22-02-2022 11:11,-0.044859
22-02-2022 11:14,-0.044859
22-02-2022 11:17,-0.044859
22-02-2022 11:20,-0.044859
22-02-2022 11:22,-0.044859
22-02-2022 11:23,-0.044859
22-02-2022 11:25,-0.044859
22-02-2022 11:26,-0.044859
22-02-2022 11:28,-0.044859
22-02-2022 11:29,-0.044859
22-02-2022 11:31,-0.043944
22-02-2022 11:32,-0.044859
22-02-2022 11:34,-0.043944
22-02-2022 11:35,-0.043944
22-02-2022 11:37,-0.043944
22-02-2022 11:38,-0.043944
22-02-2022 11:40,-0.043944
22-02-2022 11:41,-0.043944
22-02-2022 11:43,-0.043028
22-02-2022 11:44,-0.043028
22-02-2022 11:46,-0.043028
22-02-2022 11:49,-0.042113
22-02-2022 11:52,-0.042113
22-02-2022 11:55,-0.042113
22-02-2022 11:58,-0.041197
22-02-2022 12:01,-0.041197
22-02-2022 12:04,-0.040282
22-02-2022 12:07,-0.039366
22-02-2022 12:10,-0.039366
22-02-2022 12:13,-0.038451
22-02-2022 12:16,-0.037535
22-02-2022 12:19,-0.03662
22-02-2022 12:22,-0.03662
22-02-2022 12:25,-0.035704
22-02-2022 12:28,-0.035704
22-02-2022 12:31,-0.033873
22-02-2022 12:34,-0.033873
22-02-2022 12:36,-0.032958
22-02-2022 12:37,-0.032958
22-02-2022 12:39,-0.032042
22-02-2022 12:40,-0.032042
22-02-2022 12:42,-0.031127
22-02-2022 12:43,-0.031127
22-02-2022 12:45,-0.030211
22-02-2022 12:46,-0.030211
22-02-2022 12:48,-0.030211
22-02-2022 12:49,-0.029296
22-02-2022 12:51,-0.02838
22-02-2022 12:52,-0.029296
22-02-2022 12:54,-0.02838
22-02-2022 12:55,-0.027465
22-02-2022 12:57,-0.027465
22-02-2022 13:00,-0.026549
22-02-2022 13:03,-0.025634
22-02-2022 13:06,-0.023803
22-02-2022 13:09,-0.022887
22-02-2022 13:12,-0.021972
22-02-2022 13:15,-0.021056
22-02-2022 13:18,-0.020141
22-02-2022 13:21,-0.019225
22-02-2022 13:24,-0.017394
22-02-2022 13:27,-0.016479
22-02-2022 13:30,-0.016479
22-02-2022 13:33,-0.015563
22-02-2022 13:36,-0.012817
22-02-2022 13:39,-0.012817
22-02-2022 13:42,-0.010986
22-02-2022 13:45,-0.01007
22-02-2022 13:48,-0.009155
22-02-2022 13:50,-0.008239
22-02-2022 13:51,-0.007324
22-02-2022 13:53,-0.006408
22-02-2022 13:54,-0.006408
22-02-2022 13:56,-0.005493
22-02-2022 13:57,-0.005493
22-02-2022 13:59,-0.004577
22-02-2022 14:00,-0.003662
22-02-2022 14:02,-0.002746
22-02-2022 14:03,-0.002746
22-02-2022 14:05,-0.001831
22-02-2022 14:06,-0.000915
22-02-2022 14:08,-0.000915
22-02-2022 14:09,-0.000915
22-02-2022 14:11,0
22-02-2022 14:14,0.001831
22-02-2022 14:17,0.002746
22-02-2022 14:20,0.003662
22-02-2022 14:23,0.005493
22-02-2022 14:26,0.006408
22-02-2022 14:29,0.008239
22-02-2022 14:32,0.009155
22-02-2022 14:35,0.010986
22-02-2022 14:38,0.010986
22-02-2022 14:41,0.012817
22-02-2022 14:44,0.014648
22-02-2022 14:47,0.015563
22-02-2022 14:50,0.017394
22-02-2022 14:53,0.01831
22-02-2022 14:56,0.020141
22-02-2022 14:59,0.021056
22-02-2022 15:02,0.022887
22-02-2022 15:04,0.023803
22-02-2022 15:05,0.023803
22-02-2022 15:07,0.024718
22-02-2022 15:08,0.025634
22-02-2022 15:10,0.026549
22-02-2022 15:11,0.027465
22-02-2022 15:13,0.02838
22-02-2022 15:14,0.02838
22-02-2022 15:16,0.029296
22-02-2022 15:17,0.030211
22-02-2022 15:19,0.031127
22-02-2022 15:20,0.031127
22-02-2022 15:22,0.032042
22-02-2022 15:23,0.032958
22-02-2022 15:25,0.033873
22-02-2022 15:28,0.034789
22-02-2022 15:31,0.03662
22-02-2022 15:34,0.037535
22-02-2022 15:37,0.039366
22-02-2022 15:40,0.041197
22-02-2022 15:43,0.042113
22-02-2022 15:46,0.043944
22-02-2022 15:49,0.045775
22-02-2022 15:52,0.047606
22-02-2022 15:55,0.049437
22-02-2022 15:58,0.051268
22-02-2022 16:01,0.052183
22-02-2022 16:04,0.054014
22-02-2022 16:07,0.055845
22-02-2022 16:10,0.057676
22-02-2022 16:13,0.059507
22-02-2022 16:15,0.060423
22-02-2022 16:16,0.061338
22-02-2022 16:18,0.062254
22-02-2022 16:19,0.063169
22-02-2022 16:21,0.064085
22-02-2022 16:22,0.065
22-02-2022 16:24,0.065916
22-02-2022 16:25,0.066831
22-02-2022 16:27,0.067747
22-02-2022 16:28,0.068662
22-02-2022 16:30,0.069578
22-02-2022 16:31,0.070493
22-02-2022 16:33,0.071409
22-02-2022 16:34,0.072324
22-02-2022 16:36,0.07324
22-02-2022 16:37,0.074155
22-02-2022 16:39,0.075071
22-02-2022 16:42,0.076902
22-02-2022 16:45,0.077817
22-02-2022 16:48,0.079648
22-02-2022 16:51,0.081479
22-02-2022 16:54,0.082395
22-02-2022 16:57,0.085141
22-02-2022 17:00,0.086057
22-02-2022 17:03,0.087888
22-02-2022 17:06,0.089719
22-02-2022 17:09,0.090634
22-02-2022 17:12,0.092465
22-02-2022 17:15,0.093381
22-02-2022 17:18,0.095212
22-02-2022 17:21,0.096127
22-02-2022 17:24,0.097043
22-02-2022 17:27,0.097958
22-02-2022 17:29,0.098874
22-02-2022 17:30,0.098874
22-02-2022 17:32,0.099789
22-02-2022 17:33,0.099789
22-02-2022 17:35,0.100705
22-02-2022 17:36,0.100705
22-02-2022 17:38,0.10162
22-02-2022 17:39,0.10162
22-02-2022 17:41,0.102536
22-02-2022 17:42,0.102536
22-02-2022 17:44,0.103451
22-02-2022 17:45,0.102536
22-02-2022 17:47,0.103451
22-02-2022 17:48,0.103451
22-02-2022 17:50,0.104367
22-02-2022 17:53,0.105282
22-02-2022 17:56,0.105282
22-02-2022 17:59,0.105282
22-02-2022 18:02,0.106198
22-02-2022 18:05,0.105282
22-02-2022 18:08,0.106198
22-02-2022 18:11,0.107113
22-02-2022 18:14,0.106198
22-02-2022 18:17,0.107113
22-02-2022 18:20,0.107113
22-02-2022 18:23,0.107113
22-02-2022 18:26,0.107113
22-02-2022 18:29,0.107113
22-02-2022 18:32,0.106198
22-02-2022 18:35,0.106198
22-02-2022 18:38,0.106198
22-02-2022 18:41,0.106198
22-02-2022 18:43,0.106198
22-02-2022 18:44,0.105282
22-02-2022 18:46,0.105282
22-02-2022 18:47,0.105282
22-02-2022 18:49,0.104367
22-02-2022 18:50,0.104367
22-02-2022 18:52,0.104367
22-02-2022 18:53,0.103451
22-02-2022 18:55,0.103451
22-02-2022 18:56,0.102536
22-02-2022 18:58,0.102536
22-02-2022 18:59,0.102536
22-02-2022 19:01,0.10162
22-02-2022 19:02,0.102536
22-02-2022 19:04,0.10162
22-02-2022 19:07,0.100705
22-02-2022 19:10,0.099789
22-02-2022 19:13,0.098874
22-02-2022 19:16,0.097958
22-02-2022 19:19,0.097043
22-02-2022 19:22,0.097043
22-02-2022 19:25,0.096127
22-02-2022 19:28,0.095212
22-02-2022 19:31,0.094296
22-02-2022 19:34,0.093381
22-02-2022 19:37,0.092465
22-02-2022 19:40,0.090634
22-02-2022 19:43,0.089719
22-02-2022 19:46,0.088803
22-02-2022 19:49,0.087888
22-02-2022 19:52,0.086057
22-02-2022 19:55,0.085141
22-02-2022 19:57,0.085141
22-02-2022 19:58,0.084226
22-02-2022 20:00,0.08331
22-02-2022 20:01,0.082395
22-02-2022 20:03,0.081479
22-02-2022 20:04,0.081479
22-02-2022 20:06,0.080564
22-02-2022 20:07,0.079648
22-02-2022 20:09,0.078733
22-02-2022 20:10,0.078733
22-02-2022 20:12,0.077817
22-02-2022 20:13,0.076902
22-02-2022 20:15,0.075986
22-02-2022 20:16,0.075071
22-02-2022 20:18,0.074155
22-02-2022 20:21,0.072324
22-02-2022 20:24,0.070493
22-02-2022 20:27,0.068662
22-02-2022 20:30,0.066831
22-02-2022 20:33,0.065
22-02-2022 20:36,0.063169
22-02-2022 20:39,0.060423
22-02-2022 20:42,0.058592
22-02-2022 20:45,0.056761
22-02-2022 20:48,0.05493
22-02-2022 20:51,0.052183
22-02-2022 20:54,0.050352
22-02-2022 20:57,0.047606
22-02-2022 21:00,0.045775
22-02-2022 21:03,0.043028
22-02-2022 21:06,0.040282
22-02-2022 21:08,0.039366
22-02-2022 21:09,0.038451
22-02-2022 21:11,0.03662
22-02-2022 21:12,0.03662
22-02-2022 21:14,0.034789
22-02-2022 21:15,0.034789
22-02-2022 21:17,0.032958
22-02-2022 21:18,0.032958
22-02-2022 21:20,0.032042
22-02-2022 21:21,0.031127
22-02-2022 21:23,0.030211
22-02-2022 21:24,0.029296
22-02-2022 21:26,0.02838
22-02-2022 21:27,0.02838
22-02-2022 21:29,0.027465
22-02-2022 21:30,0.027465
22-02-2022 21:32,0.026549
22-02-2022 21:35,0.025634
22-02-2022 21:38,0.024718
22-02-2022 21:41,0.022887
22-02-2022 21:44,0.022887
22-02-2022 21:47,0.021972
22-02-2022 21:50,0.021056
22-02-2022 21:53,0.020141
22-02-2022 21:56,0.020141
22-02-2022 21:59,0.019225
22-02-2022 22:02,0.019225
22-02-2022 22:05,0.01831
22-02-2022 22:08,0.01831
22-02-2022 22:11,0.017394
22-02-2022 22:14,0.017394
22-02-2022 22:17,0.017394
22-02-2022 22:20,0.016479
22-02-2022 22:22,0.016479
22-02-2022 22:23,0.016479
22-02-2022 22:25,0.015563
22-02-2022 22:26,0.016479
22-02-2022 22:28,0.015563
22-02-2022 22:29,0.015563
22-02-2022 22:31,0.015563
22-02-2022 22:32,0.014648
22-02-2022 22:34,0.015563
22-02-2022 22:35,0.014648
22-02-2022 22:37,0.014648
22-02-2022 22:38,0.014648
22-02-2022 22:40,0.014648
22-02-2022 22:41,0.014648
22-02-2022 22:43,0.014648
22-02-2022 22:46,0.015563
22-02-2022 22:49,0.014648
22-02-2022 22:52,0.014648
22-02-2022 22:55,0.014648
22-02-2022 22:58,0.014648
22-02-2022 23:01,0.015563
22-02-2022 23:04,0.014648
22-02-2022 23:07,0.015563
22-02-2022 23:10,0.015563
22-02-2022 23:13,0.015563
22-02-2022 23:16,0.015563
22-02-2022 23:19,0.015563
22-02-2022 23:22,0.016479
22-02-2022 23:25,0.015563
22-02-2022 23:28,0.016479
22-02-2022 23:31,0.016479
22-02-2022 23:34,0.016479
22-02-2022 23:36,0.016479
22-02-2022 23:37,0.016479
22-02-2022 23:39,0.016479
22-02-2022 23:40,0.016479
22-02-2022 23:42,0.017394
22-02-2022 23:43,0.016479
22-02-2022 23:45,0.016479
22-02-2022 23:46,0.016479
22-02-2022 23:48,0.016479
22-02-2022 23:49,0.017394
22-02-2022 23:51,0.017394
22-02-2022 23:52,0.017394
22-02-2022 23:54,0.017394
22-02-2022 23:55,0.017394
22-02-2022 23:57,0.017394
23-02-2022 00:00,0.017394
23-02-2022 00:03,0.017394
23-02-2022 00:06,0.01831
23-02-2022 00:09,0.01831
23-02-2022 00:12,0.01831
23-02-2022 00:15,0.019225
23-02-2022 00:18,0.019225
23-02-2022 00:21,0.019225
23-02-2022 00:24,0.020141
23-02-2022 00:27,0.020141
23-02-2022 00:30,0.020141
23-02-2022 00:33,0.021056
23-02-2022 00:36,0.021056
23-02-2022 00:39,0.021972
23-02-2022 00:42,0.021972
23-02-2022 00:45,0.021972
23-02-2022 00:48,0.021972
23-02-2022 00:50,0.022887
23-02-2022 00:51,0.022887
23-02-2022 00:53,0.022887
23-02-2022 00:54,0.022887
23-02-2022 00:56,0.023803
23-02-2022 00:57,0.023803
23-02-2022 00:59,0.023803
23-02-2022 01:00,0.024718
23-02-2022 01:02,0.024718
23-02-2022 01:03,0.024718
23-02-2022 01:05,0.024718
23-02-2022 01:06,0.024718
23-02-2022 01:08,0.025634
23-02-2022 01:09,0.025634
23-02-2022 01:11,0.025634
23-02-2022 01:14,0.025634
23-02-2022 01:17,0.026549
23-02-2022 01:20,0.026549
23-02-2022 01:23,0.027465
23-02-2022 01:26,0.02838
23-02-2022 01:29,0.02838
23-02-2022 01:32,0.029296
23-02-2022 01:35,0.029296
23-02-2022 01:38,0.030211
23-02-2022 01:41,0.030211
23-02-2022 01:44,0.031127
23-02-2022 01:47,0.031127
23-02-2022 01:50,0.032042
23-02-2022 01:53,0.032958
23-02-2022 01:56,0.033873
23-02-2022 01:59,0.033873
23-02-2022 02:01,0.034789
23-02-2022 02:02,0.034789
23-02-2022 02:04,0.034789
23-02-2022 02:05,0.035704
23-02-2022 02:07,0.03662
23-02-2022 02:08,0.035704
23-02-2022 02:10,0.03662
23-02-2022 02:11,0.037535
23-02-2022 02:13,0.037535
23-02-2022 02:14,0.037535
23-02-2022 02:16,0.037535
23-02-2022 02:17,0.038451
23-02-2022 02:19,0.038451
23-02-2022 02:20,0.038451
23-02-2022 02:22,0.039366
23-02-2022 02:23,0.040282
23-02-2022 02:25,0.040282
23-02-2022 02:28,0.041197
23-02-2022 02:31,0.041197
23-02-2022 02:34,0.043028
23-02-2022 02:37,0.043028
23-02-2022 02:40,0.043944
23-02-2022 02:43,0.043944
23-02-2022 02:46,0.045775
23-02-2022 02:49,0.045775
23-02-2022 02:52,0.047606
23-02-2022 02:55,0.047606
23-02-2022 02:58,0.049437
23-02-2022 03:01,0.050352
23-02-2022 03:04,0.050352
23-02-2022 03:07,0.051268
23-02-2022 03:10,0.053099
23-02-2022 03:13,0.054014
23-02-2022 03:15,0.05493
23-02-2022 03:16,0.05493
23-02-2022 03:18,0.055845
23-02-2022 03:19,0.055845
23-02-2022 03:21,0.056761
23-02-2022 03:22,0.056761
23-02-2022 03:24,0.057676
23-02-2022 03:25,0.058592
23-02-2022 03:27,0.058592
23-02-2022 03:28,0.058592
23-02-2022 03:30,0.059507
23-02-2022 03:31,0.060423
23-02-2022 03:33,0.061338
23-02-2022 03:34,0.060423
23-02-2022 03:36,0.061338
23-02-2022 03:39,0.063169
23-02-2022 03:42,0.064085
23-02-2022 03:45,0.065
23-02-2022 03:48,0.066831
23-02-2022 03:51,0.066831
23-02-2022 03:54,0.068662
23-02-2022 03:57,0.069578
23-02-2022 04:00,0.070493
23-02-2022 04:03,0.072324
23-02-2022 04:06,0.072324
23-02-2022 04:09,0.074155
23-02-2022 04:12,0.075071
23-02-2022 04:15,0.076902
23-02-2022 04:18,0.077817
23-02-2022 04:21,0.078733
23-02-2022 04:24,0.079648
23-02-2022 04:27,0.080564
23-02-2022 04:29,0.081479
23-02-2022 04:30,0.081479
23-02-2022 04:32,0.081479
23-02-2022 04:33,0.08331
23-02-2022 04:35,0.08331
23-02-2022 04:36,0.08331
23-02-2022 04:38,0.084226
23-02-2022 04:39,0.085141
23-02-2022 04:41,0.085141
23-02-2022 04:42,0.086057
23-02-2022 04:44,0.086972
23-02-2022 04:45,0.086057
23-02-2022 04:47,0.086972
23-02-2022 04:48,0.087888
23-02-2022 04:50,0.088803
23-02-2022 04:53,0.088803
23-02-2022 04:56,0.090634
23-02-2022 04:59,0.09155
23-02-2022 05:02,0.09155
23-02-2022 05:05,0.093381
23-02-2022 05:08,0.093381
23-02-2022 05:11,0.094296
23-02-2022 05:14,0.095212
23-02-2022 05:17,0.096127
23-02-2022 05:20,0.097043
23-02-2022 05:23,0.097958
23-02-2022 05:26,0.098874
23-02-2022 05:29,0.099789
23-02-2022 05:32,0.099789
23-02-2022 05:35,0.100705
23-02-2022 05:38,0.10162
23-02-2022 05:40,0.102536
23-02-2022 05:41,0.102536
23-02-2022 05:43,0.102536
23-02-2022 05:44,0.103451
23-02-2022 05:46,0.103451
23-02-2022 05:47,0.103451
23-02-2022 05:49,0.104367
23-02-2022 05:50,0.104367
23-02-2022 05:52,0.104367
23-02-2022 05:53,0.105282
23-02-2022 05:55,0.105282
23-02-2022 05:56,0.105282
23-02-2022 05:58,0.106198
23-02-2022 05:59,0.106198
23-02-2022 06:01,0.106198
23-02-2022 06:02,0.107113
23-02-2022 06:04,0.107113
23-02-2022 06:07,0.107113
23-02-2022 06:10,0.108029
23-02-2022 06:13,0.108944
23-02-2022 06:16,0.108944
23-02-2022 06:19,0.108944
23-02-2022 06:22,0.10986
23-02-2022 06:25,0.10986
23-02-2022 06:28,0.10986
23-02-2022 06:31,0.10986
23-02-2022 06:34,0.110775
23-02-2022 06:37,0.110775
23-02-2022 06:40,0.110775
23-02-2022 06:43,0.110775
23-02-2022 06:46,0.110775
23-02-2022 06:49,0.110775
23-02-2022 06:52,0.110775
23-02-2022 06:54,0.110775
23-02-2022 06:55,0.110775
23-02-2022 06:57,0.110775
23-02-2022 06:58,0.110775
23-02-2022 07:00,0.110775
23-02-2022 07:01,0.10986
23-02-2022 07:03,0.10986
23-02-2022 07:04,0.10986
23-02-2022 07:06,0.10986
23-02-2022 07:07,0.10986
23-02-2022 07:09,0.10986
23-02-2022 07:10,0.108944
23-02-2022 07:12,0.108944
23-02-2022 07:13,0.108944
23-02-2022 07:15,0.108029
23-02-2022 07:18,0.108029
23-02-2022 07:21,0.107113
23-02-2022 07:24,0.106198
23-02-2022 07:27,0.105282
23-02-2022 07:30,0.104367
23-02-2022 07:33,0.103451
23-02-2022 07:36,0.10162
23-02-2022 07:39,0.100705
23-02-2022 07:42,0.098874
23-02-2022 07:45,0.097043
23-02-2022 07:48,0.095212
23-02-2022 07:51,0.093381
23-02-2022 07:54,0.09155
23-02-2022 07:57,0.088803
23-02-2022 08:00,0.086972
23-02-2022 08:03,0.084226
23-02-2022 08:06,0.081479
23-02-2022 08:08,0.079648
23-02-2022 08:09,0.078733
23-02-2022 08:11,0.076902
23-02-2022 08:12,0.075986
23-02-2022 08:14,0.074155
23-02-2022 08:15,0.072324
23-02-2022 08:17,0.070493
23-02-2022 08:18,0.069578
23-02-2022 08:20,0.067747
23-02-2022 08:21,0.065916
23-02-2022 08:23,0.064085
23-02-2022 08:24,0.063169
23-02-2022 08:26,0.061338
23-02-2022 08:27,0.059507
23-02-2022 08:29,0.057676
23-02-2022 08:32,0.054014
23-02-2022 08:35,0.050352
23-02-2022 08:38,0.04669
23-02-2022 08:41,0.043944
23-02-2022 08:44,0.040282
23-02-2022 08:47,0.03662
23-02-2022 08:50,0.032958
23-02-2022 08:53,0.030211
23-02-2022 08:56,0.026549
23-02-2022 08:59,0.022887
23-02-2022 09:02,0.020141
23-02-2022 09:05,0.016479
23-02-2022 09:08,0.013732
23-02-2022 09:11,0.010986
23-02-2022 09:14,0.008239
23-02-2022 09:17,0.005493
23-02-2022 09:19,0.003662
23-02-2022 09:20,0.002746
23-02-2022 09:22,0.001831
23-02-2022 09:23,0
23-02-2022 09:25,-0.000915
23-02-2022 09:26,-0.002746
23-02-2022 09:28,-0.003662
23-02-2022 09:29,-0.004577
23-02-2022 09:31,-0.006408
23-02-2022 09:32,-0.006408
23-02-2022 09:34,-0.008239
23-02-2022 09:35,-0.009155
23-02-2022 09:37,-0.01007
23-02-2022 09:38,-0.010986
23-02-2022 09:40,-0.011901
23-02-2022 09:41,-0.012817
23-02-2022 09:43,-0.013732
23-02-2022 09:46,-0.015563
23-02-2022 09:49,-0.017394
23-02-2022 09:52,-0.01831
23-02-2022 09:55,-0.021056
23-02-2022 09:58,-0.021056
23-02-2022 10:01,-0.022887
23-02-2022 10:04,-0.023803
23-02-2022 10:07,-0.025634
23-02-2022 10:10,-0.026549
23-02-2022 10:13,-0.027465
23-02-2022 10:16,-0.02838
23-02-2022 10:19,-0.030211
23-02-2022 10:22,-0.031127
23-02-2022 10:25,-0.031127
23-02-2022 10:28,-0.032958
23-02-2022 10:31,-0.033873
23-02-2022 10:33,-0.033873
23-02-2022 10:34,-0.034789
23-02-2022 10:36,-0.035704
23-02-2022 10:37,-0.034789
23-02-2022 10:39,-0.043028
23-02-2022 10:40,-0.032042
23-02-2022 10:42,-0.038451
23-02-2022 10:43,-0.035704
23-02-2022 10:45,-0.037535
23-02-2022 10:46,-0.037535
23-02-2022 10:48,-0.037535
23-02-2022 10:49,-0.037535
23-02-2022 10:51,-0.037535
23-02-2022 10:52,-0.038451
23-02-2022 10:54,-0.038451
23-02-2022 10:57,-0.038451
23-02-2022 11:00,-0.039366
23-02-2022 11:03,-0.039366
23-02-2022 11:06,-0.039366
23-02-2022 11:09,-0.039366
23-02-2022 11:12,-0.040282
23-02-2022 11:15,-0.040282
23-02-2022 11:18,-0.039366
23-02-2022 11:21,-0.040282
23-02-2022 11:24,-0.040282
23-02-2022 11:27,-0.039366
23-02-2022 11:30,-0.039366
23-02-2022 11:33,-0.039366
23-02-2022 11:36,-0.039366
23-02-2022 11:39,-0.039366
23-02-2022 11:42,-0.039366
23-02-2022 11:45,-0.039366
23-02-2022 11:47,-0.038451
23-02-2022 11:48,-0.038451
23-02-2022 11:50,-0.038451
23-02-2022 11:51,-0.038451
23-02-2022 11:53,-0.037535
23-02-2022 11:54,-0.038451
23-02-2022 11:56,-0.037535
23-02-2022 11:57,-0.037535
23-02-2022 11:59,-0.037535
23-02-2022 12:00,-0.037535
23-02-2022 12:02,-0.03662
23-02-2022 12:03,-0.03662
23-02-2022 12:05,-0.03662
23-02-2022 12:06,-0.035704
23-02-2022 12:08,-0.035704
23-02-2022 12:11,-0.035704
23-02-2022 12:14,-0.034789
23-02-2022 12:17,-0.033873
23-02-2022 12:20,-0.033873
23-02-2022 12:23,-0.032958
23-02-2022 12:26,-0.032042
23-02-2022 12:29,-0.032042
23-02-2022 12:32,-0.031127
23-02-2022 12:35,-0.030211
23-02-2022 12:38,-0.030211
23-02-2022 12:41,-0.02838
23-02-2022 12:44,-0.02838
23-02-2022 12:47,-0.027465
23-02-2022 12:50,-0.026549
23-02-2022 12:53,-0.025634
23-02-2022 12:56,-0.024718
23-02-2022 12:59,-0.023803
23-02-2022 13:01,-0.022887
23-02-2022 13:02,-0.022887
23-02-2022 13:04,-0.022887
23-02-2022 13:05,-0.021972
23-02-2022 13:07,-0.021056
23-02-2022 13:08,-0.021056
23-02-2022 13:10,-0.019225
23-02-2022 13:11,-0.020141
23-02-2022 13:13,-0.019225
23-02-2022 13:14,-0.019225
23-02-2022 13:16,-0.01831
23-02-2022 13:17,-0.01831
23-02-2022 13:19,-0.017394
23-02-2022 13:20,-0.017394
23-02-2022 13:22,-0.016479
23-02-2022 13:25,-0.015563
23-02-2022 13:28,-0.014648
23-02-2022 13:31,-0.012817
23-02-2022 13:34,-0.012817
23-02-2022 13:37,-0.010986
23-02-2022 13:40,-0.01007
23-02-2022 13:43,-0.009155
23-02-2022 13:46,-0.008239
23-02-2022 13:49,-0.007324
23-02-2022 13:52,-0.006408
23-02-2022 13:55,-0.004577
23-02-2022 13:58,-0.003662
23-02-2022 14:01,-0.002746
23-02-2022 14:04,-0.001831
23-02-2022 14:07,0
23-02-2022 14:10,0.000915
23-02-2022 14:12,0.001831
23-02-2022 14:13,0.001831
23-02-2022 14:15,0.002746
23-02-2022 14:16,0.003662
23-02-2022 14:18,0.004577
23-02-2022 14:19,0.004577
23-02-2022 14:21,0.004577
23-02-2022 14:22,0.005493
23-02-2022 14:24,0.006408
23-02-2022 14:25,0.006408
23-02-2022 14:27,0.007324
23-02-2022 14:28,0.008239
23-02-2022 14:30,0.009155
23-02-2022 14:31,0.009155
23-02-2022 14:33,0.01007
23-02-2022 14:34,0.01007
23-02-2022 14:36,0.010986
23-02-2022 14:39,0.012817
23-02-2022 14:42,0.013732
23-02-2022 14:45,0.014648
23-02-2022 14:48,0.015563
23-02-2022 14:51,0.017394
23-02-2022 14:54,0.019225
23-02-2022 14:57,0.020141
23-02-2022 15:00,0.021972
23-02-2022 15:03,0.022887
23-02-2022 15:06,0.024718
23-02-2022 15:09,0.025634
23-02-2022 15:12,0.027465
23-02-2022 15:15,0.02838
23-02-2022 15:18,0.029296
23-02-2022 15:21,0.031127
23-02-2022 15:24,0.032958
23-02-2022 15:26,0.033873
23-02-2022 15:27,0.034789
23-02-2022 15:29,0.035704
23-02-2022 15:30,0.035704
23-02-2022 15:32,0.03662
23-02-2022 15:33,0.037535
23-02-2022 15:35,0.038451
23-02-2022 15:36,0.038451
23-02-2022 15:38,0.039366
23-02-2022 15:39,0.041197
23-02-2022 15:41,0.042113
23-02-2022 15:42,0.042113
23-02-2022 15:44,0.043028
23-02-2022 15:45,0.043944
23-02-2022 15:47,0.044859
23-02-2022 15:50,0.04669
23-02-2022 15:53,0.048521
23-02-2022 15:56,0.050352
23-02-2022 15:59,0.052183
23-02-2022 16:02,0.054014
23-02-2022 16:05,0.056761
23-02-2022 16:08,0.057676
23-02-2022 16:11,0.060423
23-02-2022 16:14,0.061338
23-02-2022 16:17,0.064085
23-02-2022 16:20,0.065916
23-02-2022 16:23,0.067747
23-02-2022 16:26,0.069578
23-02-2022 16:29,0.070493
23-02-2022 16:32,0.07324
23-02-2022 16:35,0.074155
23-02-2022 16:38,0.075986
23-02-2022 16:40,0.076902
23-02-2022 16:41,0.077817
23-02-2022 16:43,0.078733
23-02-2022 16:44,0.079648
23-02-2022 16:46,0.080564
23-02-2022 16:47,0.081479
23-02-2022 16:49,0.082395
23-02-2022 16:50,0.082395
23-02-2022 16:52,0.08331
23-02-2022 16:53,0.084226
23-02-2022 16:55,0.085141
23-02-2022 16:56,0.086057
23-02-2022 16:58,0.086057
23-02-2022 16:59,0.086972
23-02-2022 17:01,0.087888
23-02-2022 17:04,0.089719
23-02-2022 17:07,0.090634
23-02-2022 17:10,0.092465
23-02-2022 17:13,0.093381
23-02-2022 17:16,0.094296
23-02-2022 17:19,0.095212
23-02-2022 17:22,0.096127
23-02-2022 17:25,0.097043
23-02-2022 17:28,0.097043
23-02-2022 17:31,0.097958
23-02-2022 17:34,0.098874
23-02-2022 17:37,0.099789
23-02-2022 17:40,0.100705
23-02-2022 17:43,0.100705
23-02-2022 17:46,0.10162
23-02-2022 17:49,0.10162
23-02-2022 17:52,0.10162
23-02-2022 17:54,0.102536
23-02-2022 17:55,0.102536
23-02-2022 17:57,0.102536
23-02-2022 17:58,0.102536
23-02-2022 18:00,0.102536
23-02-2022 18:01,0.102536
23-02-2022 18:03,0.102536
23-02-2022 18:04,0.102536
23-02-2022 18:06,0.102536
23-02-2022 18:07,0.102536
23-02-2022 18:09,0.102536
23-02-2022 18:10,0.102536
23-02-2022 18:12,0.102536
23-02-2022 18:13,0.102536
23-02-2022 18:15,0.102536
23-02-2022 18:18,0.102536
23-02-2022 18:21,0.102536
23-02-2022 18:24,0.10162
23-02-2022 18:27,0.10162
23-02-2022 18:30,0.10162
23-02-2022 18:33,0.100705
23-02-2022 18:36,0.099789
23-02-2022 18:39,0.099789
23-02-2022 18:42,0.098874
23-02-2022 18:45,0.097958
23-02-2022 18:48,0.097043
23-02-2022 18:51,0.097043
23-02-2022 18:54,0.096127
23-02-2022 18:57,0.095212
23-02-2022 19:00,0.094296
23-02-2022 19:03,0.093381
23-02-2022 19:05,0.092465
23-02-2022 19:06,0.092465
23-02-2022 19:08,0.09155
23-02-2022 19:09,0.09155
23-02-2022 19:11,0.09155
23-02-2022 19:12,0.090634
23-02-2022 19:14,0.090634
23-02-2022 19:15,0.089719
23-02-2022 19:17,0.089719
23-02-2022 19:18,0.088803
23-02-2022 19:20,0.088803
23-02-2022 19:21,0.087888
23-02-2022 19:23,0.086972
23-02-2022 19:24,0.086972
23-02-2022 19:26,0.086057
23-02-2022 19:27,0.086057
23-02-2022 19:29,0.086057
23-02-2022 19:32,0.084226
23-02-2022 19:35,0.08331
23-02-2022 19:38,0.082395
23-02-2022 19:41,0.080564
23-02-2022 19:44,0.080564
23-02-2022 19:47,0.078733
23-02-2022 19:50,0.077817
23-02-2022 19:53,0.075986
23-02-2022 19:56,0.075071
23-02-2022 19:59,0.07324
23-02-2022 20:02,0.071409
23-02-2022 20:05,0.070493
23-02-2022 20:08,0.068662
23-02-2022 20:11,0.066831
23-02-2022 20:14,0.065
23-02-2022 20:17,0.064085
23-02-2022 20:19,0.063169
23-02-2022 20:20,0.062254
23-02-2022 20:22,0.061338
23-02-2022 20:23,0.060423
23-02-2022 20:25,0.059507
23-02-2022 20:26,0.058592
23-02-2022 20:28,0.056761
23-02-2022 20:29,0.056761
23-02-2022 20:31,0.05493
23-02-2022 20:32,0.05493
23-02-2022 20:34,0.053099
23-02-2022 20:35,0.052183
23-02-2022 20:37,0.051268
23-02-2022 20:38,0.050352
23-02-2022 20:40,0.049437
23-02-2022 20:43,0.047606
23-02-2022 20:46,0.044859
23-02-2022 20:49,0.043028
23-02-2022 20:52,0.040282
23-02-2022 20:55,0.038451
23-02-2022 20:58,0.03662
23-02-2022 21:01,0.034789
23-02-2022 21:04,0.033873
23-02-2022 21:07,0.032042
23-02-2022 21:10,0.031127
23-02-2022 21:13,0.029296
23-02-2022 21:16,0.029296
23-02-2022 21:19,0.02838
23-02-2022 21:22,0.026549
23-02-2022 21:25,0.026549
23-02-2022 21:28,0.026549
23-02-2022 21:31,0.025634
23-02-2022 21:33,0.025634
23-02-2022 21:34,0.025634
23-02-2022 21:36,0.025634
23-02-2022 21:37,0.025634
23-02-2022 21:39,0.024718
23-02-2022 21:40,0.025634
23-02-2022 21:42,0.024718
23-02-2022 21:43,0.024718
23-02-2022 21:45,0.025634
23-02-2022 21:46,0.024718
23-02-2022 21:48,0.025634
23-02-2022 21:49,0.024718
23-02-2022 21:51,0.024718
23-02-2022 21:52,0.024718
23-02-2022 21:54,0.024718
23-02-2022 21:57,0.024718
23-02-2022 22:00,0.024718
23-02-2022 22:03,0.024718
23-02-2022 22:06,0.024718
23-02-2022 22:09,0.024718
23-02-2022 22:12,0.024718
23-02-2022 22:15,0.025634
23-02-2022 22:18,0.025634
23-02-2022 22:21,0.025634
23-02-2022 22:24,0.025634
23-02-2022 22:27,0.024718
23-02-2022 22:30,0.025634
23-02-2022 22:33,0.025634
23-02-2022 22:36,0.025634
23-02-2022 22:39,0.025634
23-02-2022 22:42,0.025634
23-02-2022 22:45,0.025634
23-02-2022 22:47,0.026549
23-02-2022 22:48,0.026549
23-02-2022 22:50,0.026549
23-02-2022 22:51,0.026549
23-02-2022 22:53,0.026549
23-02-2022 22:54,0.026549
23-02-2022 22:56,0.026549
23-02-2022 22:57,0.026549
23-02-2022 22:59,0.026549
23-02-2022 23:00,0.026549
23-02-2022 23:02,0.026549
23-02-2022 23:03,0.026549
23-02-2022 23:05,0.026549
23-02-2022 23:06,0.027465
23-02-2022 23:08,0.027465
23-02-2022 23:11,0.027465
23-02-2022 23:14,0.027465
23-02-2022 23:17,0.027465
23-02-2022 23:20,0.027465
23-02-2022 23:23,0.027465
23-02-2022 23:26,0.027465
23-02-2022 23:29,0.027465
23-02-2022 23:32,0.02838
23-02-2022 23:35,0.027465
23-02-2022 23:38,0.02838
23-02-2022 23:41,0.02838
23-02-2022 23:44,0.02838
23-02-2022 23:47,0.029296
23-02-2022 23:50,0.029296
23-02-2022 23:53,0.029296
23-02-2022 23:56,0.030211
23-02-2022 23:58,0.029296
23-02-2022 23:59,0.029296
24-02-2022 00:01,0.030211
24-02-2022 00:02,0.030211
24-02-2022 00:04,0.030211
24-02-2022 00:05,0.030211
24-02-2022 00:07,0.030211
24-02-2022 00:08,0.030211
24-02-2022 00:10,0.030211
24-02-2022 00:11,0.030211
24-02-2022 00:13,0.031127
24-02-2022 00:14,0.031127
24-02-2022 00:16,0.031127
24-02-2022 00:17,0.031127
24-02-2022 00:19,0.031127
24-02-2022 00:20,0.032042
24-02-2022 00:22,0.032042
24-02-2022 00:25,0.032042
24-02-2022 00:28,0.032042
24-02-2022 00:31,0.032958
24-02-2022 00:34,0.032958
24-02-2022 00:37,0.032958
24-02-2022 00:40,0.033873
24-02-2022 00:43,0.033873
24-02-2022 00:46,0.033873
24-02-2022 00:49,0.033873
24-02-2022 00:52,0.034789
24-02-2022 00:55,0.034789
24-02-2022 00:58,0.034789
24-02-2022 01:01,0.035704
24-02-2022 01:04,0.035704
24-02-2022 01:07,0.035704
24-02-2022 01:10,0.03662
24-02-2022 01:12,0.03662
24-02-2022 01:13,0.037535
24-02-2022 01:15,0.037535
24-02-2022 01:16,0.037535
24-02-2022 01:18,0.037535
24-02-2022 01:19,0.037535
24-02-2022 01:21,0.038451
24-02-2022 01:22,0.038451
24-02-2022 01:24,0.038451
24-02-2022 01:25,0.038451
24-02-2022 01:27,0.039366
24-02-2022 01:28,0.039366
24-02-2022 01:30,0.039366
24-02-2022 01:31,0.040282
24-02-2022 01:33,0.040282
24-02-2022 01:36,0.040282
24-02-2022 01:39,0.041197
24-02-2022 01:42,0.041197
24-02-2022 01:45,0.042113
24-02-2022 01:48,0.043028
24-02-2022 01:51,0.043028
24-02-2022 01:54,0.043944
24-02-2022 01:57,0.044859
24-02-2022 02:00,0.045775
24-02-2022 02:03,0.045775
24-02-2022 02:06,0.04669
24-02-2022 02:09,0.047606
24-02-2022 02:12,0.048521
24-02-2022 02:15,0.048521
24-02-2022 02:18,0.049437
24-02-2022 02:21,0.050352
24-02-2022 02:24,0.051268
24-02-2022 02:26,0.051268
24-02-2022 02:27,0.052183
24-02-2022 02:29,0.052183
24-02-2022 02:30,0.052183
24-02-2022 02:32,0.053099
24-02-2022 02:33,0.053099
24-02-2022 02:35,0.054014
24-02-2022 02:36,0.054014
24-02-2022 02:38,0.05493
24-02-2022 02:39,0.05493
24-02-2022 02:41,0.055845
24-02-2022 02:42,0.055845
24-02-2022 02:44,0.056761
24-02-2022 02:45,0.056761
24-02-2022 02:47,0.057676
24-02-2022 02:50,0.058592
24-02-2022 02:53,0.058592
24-02-2022 02:56,0.060423
24-02-2022 02:59,0.060423
24-02-2022 03:02,0.062254
24-02-2022 03:05,0.063169
24-02-2022 03:08,0.064085
24-02-2022 03:11,0.065
24-02-2022 03:14,0.066831
24-02-2022 03:17,0.066831
24-02-2022 03:20,0.068662
24-02-2022 03:23,0.069578
24-02-2022 03:26,0.070493
24-02-2022 03:29,0.071409
24-02-2022 03:32,0.072324
24-02-2022 03:35,0.074155
24-02-2022 03:37,0.075071
24-02-2022 03:38,0.075071
24-02-2022 03:40,0.075071
24-02-2022 03:41,0.075986
24-02-2022 03:43,0.076902
24-02-2022 03:44,0.076902
24-02-2022 03:46,0.077817
24-02-2022 03:47,0.078733
24-02-2022 03:49,0.078733
24-02-2022 03:50,0.079648
24-02-2022 03:52,0.080564
24-02-2022 03:53,0.080564
24-02-2022 03:55,0.081479
24-02-2022 03:56,0.081479
24-02-2022 03:58,0.082395
24-02-2022 03:59,0.08331
24-02-2022 04:01,0.08331
24-02-2022 04:04,0.085141
24-02-2022 04:07,0.086057
24-02-2022 04:10,0.086972
24-02-2022 04:13,0.087888
24-02-2022 04:16,0.088803
24-02-2022 04:19,0.089719
24-02-2022 04:22,0.09155
24-02-2022 04:25,0.092465
24-02-2022 04:28,0.093381
24-02-2022 04:31,0.094296
24-02-2022 04:34,0.095212
24-02-2022 04:37,0.096127
24-02-2022 04:40,0.097043
24-02-2022 04:43,0.097043
24-02-2022 04:46,0.098874
24-02-2022 04:49,0.099789
24-02-2022 04:51,0.099789
24-02-2022 04:52,0.100705
24-02-2022 04:54,0.100705
24-02-2022 04:55,0.100705
24-02-2022 04:57,0.10162
24-02-2022 04:58,0.102536
24-02-2022 05:00,0.102536
24-02-2022 05:01,0.103451
24-02-2022 05:03,0.103451
24-02-2022 05:04,0.103451
24-02-2022 05:06,0.103451
24-02-2022 05:07,0.105282
24-02-2022 05:09,0.105282
24-02-2022 05:10,0.104367
24-02-2022 05:12,0.105282
24-02-2022 05:15,0.106198
24-02-2022 05:18,0.107113
24-02-2022 05:21,0.107113
24-02-2022 05:24,0.108944
24-02-2022 05:27,0.108944
24-02-2022 05:30,0.10986
24-02-2022 05:33,0.110775
24-02-2022 05:36,0.110775
24-02-2022 05:39,0.111691
24-02-2022 05:42,0.112606
24-02-2022 05:45,0.112606
24-02-2022 05:48,0.113522
24-02-2022 05:51,0.114437
24-02-2022 05:54,0.114437
24-02-2022 05:57,0.115353
24-02-2022 06:00,0.115353
24-02-2022 06:03,0.116268
24-02-2022 06:05,0.116268
24-02-2022 06:06,0.116268
24-02-2022 06:08,0.117184
24-02-2022 06:09,0.117184
24-02-2022 06:11,0.117184
24-02-2022 06:12,0.117184
24-02-2022 06:14,0.117184
24-02-2022 06:15,0.117184
24-02-2022 06:17,0.118099
24-02-2022 06:18,0.118099
24-02-2022 06:20,0.118099
24-02-2022 06:21,0.118099
24-02-2022 06:23,0.119015
24-02-2022 06:24,0.119015
24-02-2022 06:26,0.119015
24-02-2022 06:29,0.119015
24-02-2022 06:32,0.119015
24-02-2022 06:35,0.119015
24-02-2022 06:38,0.119015
24-02-2022 06:41,0.119015
24-02-2022 06:44,0.119015
24-02-2022 06:47,0.119015
24-02-2022 06:50,0.119015
24-02-2022 06:53,0.118099
24-02-2022 06:56,0.118099
24-02-2022 06:59,0.118099
24-02-2022 07:02,0.117184
24-02-2022 07:05,0.117184
24-02-2022 07:08,0.116268
24-02-2022 07:11,0.116268
24-02-2022 07:14,0.115353
24-02-2022 07:17,0.114437
24-02-2022 07:19,0.113522
24-02-2022 07:20,0.113522
24-02-2022 07:22,0.112606
24-02-2022 07:23,0.112606
24-02-2022 07:25,0.111691
24-02-2022 07:26,0.111691
24-02-2022 07:28,0.10986
24-02-2022 07:29,0.10986
24-02-2022 07:31,0.108944
24-02-2022 07:32,0.108944
24-02-2022 07:34,0.107113
24-02-2022 07:35,0.107113
24-02-2022 07:37,0.106198
24-02-2022 07:38,0.105282
24-02-2022 07:40,0.104367
24-02-2022 07:43,0.102536
24-02-2022 07:46,0.100705
24-02-2022 07:49,0.098874
24-02-2022 07:52,0.096127
24-02-2022 07:55,0.093381
24-02-2022 07:58,0.09155
24-02-2022 08:01,0.088803
24-02-2022 08:04,0.086057
24-02-2022 08:07,0.08331
24-02-2022 08:10,0.080564
24-02-2022 08:13,0.077817
24-02-2022 08:16,0.074155
24-02-2022 08:19,0.071409
24-02-2022 08:22,0.067747
24-02-2022 08:25,0.064085
24-02-2022 08:28,0.060423
24-02-2022 08:30,0.058592
24-02-2022 08:31,0.056761
24-02-2022 08:33,0.05493
24-02-2022 08:34,0.054014
24-02-2022 08:36,0.051268
24-02-2022 08:37,0.049437
24-02-2022 08:39,0.047606
24-02-2022 08:40,0.04669
24-02-2022 08:42,0.043944
24-02-2022 08:43,0.043028
24-02-2022 08:45,0.040282
24-02-2022 08:46,0.039366
24-02-2022 08:48,0.03662
24-02-2022 08:49,0.035704
24-02-2022 08:51,0.032958
24-02-2022 08:52,0.032042
24-02-2022 08:54,0.030211
24-02-2022 08:57,0.02838
24-02-2022 09:00,0.022887
24-02-2022 09:03,0.019225
24-02-2022 09:06,0.016479
24-02-2022 09:09,0.012817
24-02-2022 09:12,0.010986
24-02-2022 09:15,0.007324
24-02-2022 09:18,0.004577
24-02-2022 09:21,0.002746
24-02-2022 09:24,-0.000915
24-02-2022 09:27,-0.002746
24-02-2022 09:30,-0.005493
24-02-2022 09:33,-0.007324
24-02-2022 09:36,-0.009155
24-02-2022 09:39,-0.011901
24-02-2022 09:42,-0.013732
24-02-2022 09:44,-0.014648
24-02-2022 09:45,-0.015563
24-02-2022 09:47,-0.016479
24-02-2022 09:48,-0.016479
24-02-2022 09:50,-0.01831
24-02-2022 09:51,-0.019225
24-02-2022 09:53,-0.020141
24-02-2022 09:54,-0.020141
24-02-2022 09:56,-0.021056
24-02-2022 09:57,-0.022887
24-02-2022 09:59,-0.022887
24-02-2022 10:00,-0.022887
24-02-2022 10:02,-0.024718
24-02-2022 10:03,-0.024718
24-02-2022 10:05,-0.025634
24-02-2022 10:08,-0.026549
24-02-2022 10:11,-0.027465
24-02-2022 10:14,-0.029296
24-02-2022 10:17,-0.030211
24-02-2022 10:20,-0.031127
24-02-2022 10:23,-0.032042
24-02-2022 10:26,-0.032958
24-02-2022 10:29,-0.034789
24-02-2022 10:32,-0.035704
24-02-2022 10:35,-0.03662
24-02-2022 10:38,-0.035704
24-02-2022 10:41,-0.03662
24-02-2022 10:44,-0.038451
24-02-2022 10:47,-0.038451
24-02-2022 10:50,-0.038451
24-02-2022 10:53,-0.039366
24-02-2022 10:56,-0.039366
24-02-2022 10:58,-0.040282
24-02-2022 10:59,-0.039366
24-02-2022 11:01,-0.040282
24-02-2022 11:02,-0.040282
24-02-2022 11:04,-0.040282
24-02-2022 11:05,-0.041197
24-02-2022 11:07,-0.040282
24-02-2022 11:08,-0.041197
24-02-2022 11:10,-0.041197
24-02-2022 11:11,-0.041197
24-02-2022 11:13,-0.041197
24-02-2022 11:14,-0.041197
24-02-2022 11:16,-0.041197
24-02-2022 11:17,-0.041197
24-02-2022 11:19,-0.041197
24-02-2022 11:22,-0.041197
24-02-2022 11:25,-0.041197
24-02-2022 11:28,-0.041197
24-02-2022 11:31,-0.041197
24-02-2022 11:34,-0.041197
24-02-2022 11:37,-0.040282
24-02-2022 11:40,-0.040282
24-02-2022 11:43,-0.040282
24-02-2022 11:46,-0.040282
24-02-2022 11:49,-0.039366
24-02-2022 11:52,-0.039366
24-02-2022 11:55,-0.039366
24-02-2022 11:58,-0.038451
24-02-2022 12:01,-0.038451
24-02-2022 12:04,-0.038451
24-02-2022 12:07,-0.037535
24-02-2022 12:09,-0.037535
24-02-2022 12:10,-0.03662
24-02-2022 12:12,-0.03662
24-02-2022 12:13,-0.03662
24-02-2022 12:15,-0.03662
24-02-2022 12:16,-0.035704
24-02-2022 12:18,-0.035704
24-02-2022 12:19,-0.035704
24-02-2022 12:21,-0.034789
24-02-2022 12:22,-0.034789
24-02-2022 12:24,-0.034789
24-02-2022 12:25,-0.033873
24-02-2022 12:27,-0.033873
24-02-2022 12:28,-0.033873
24-02-2022 12:30,-0.032958
24-02-2022 12:31,-0.032958
24-02-2022 12:33,-0.032958
24-02-2022 12:36,-0.032042
24-02-2022 12:39,-0.031127
24-02-2022 12:42,-0.030211
24-02-2022 12:45,-0.029296
24-02-2022 12:48,-0.029296
24-02-2022 12:51,-0.02838
24-02-2022 12:54,-0.026549
24-02-2022 12:57,-0.026549
24-02-2022 13:00,-0.024718
24-02-2022 13:03,-0.024718
24-02-2022 13:06,-0.022887
24-02-2022 13:09,-0.021972
24-02-2022 13:12,-0.021972
24-02-2022 13:15,-0.021056
24-02-2022 13:18,-0.019225
24-02-2022 13:21,-0.01831
24-02-2022 13:23,-0.01831
24-02-2022 13:24,-0.017394
24-02-2022 13:26,-0.016479
24-02-2022 13:27,-0.016479
24-02-2022 13:29,-0.015563
24-02-2022 13:30,-0.015563
24-02-2022 13:32,-0.014648
24-02-2022 13:33,-0.014648
24-02-2022 13:35,-0.013732
24-02-2022 13:36,-0.013732
24-02-2022 13:38,-0.012817
24-02-2022 13:39,-0.011901
24-02-2022 13:41,-0.011901
24-02-2022 13:42,-0.011901
24-02-2022 13:44,-0.010986
24-02-2022 13:47,-0.009155
24-02-2022 13:50,-0.008239
24-02-2022 13:53,-0.007324
24-02-2022 13:56,-0.005493
24-02-2022 13:59,-0.004577
24-02-2022 14:02,-0.003662
24-02-2022 14:05,-0.001831
24-02-2022 14:08,-0.001831
24-02-2022 14:11,0
24-02-2022 14:14,0.000915
24-02-2022 14:17,0.001831
24-02-2022 14:20,0.003662
24-02-2022 14:23,0.004577
24-02-2022 14:26,0.005493
24-02-2022 14:29,0.006408
24-02-2022 14:32,0.008239
24-02-2022 14:35,0.009155
24-02-2022 14:37,0.01007
24-02-2022 14:38,0.010986
24-02-2022 14:40,0.011901
24-02-2022 14:41,0.011901
24-02-2022 14:43,0.012817
24-02-2022 14:44,0.012817
24-02-2022 14:46,0.014648
24-02-2022 14:47,0.014648
24-02-2022 14:49,0.015563
24-02-2022 14:50,0.014648
24-02-2022 14:52,0.017394
24-02-2022 14:53,0.017394
24-02-2022 14:55,0.01831
24-02-2022 14:56,0.01831
24-02-2022 14:58,0.019225
24-02-2022 15:01,0.021056
24-02-2022 15:04,0.022887
24-02-2022 15:07,0.023803
24-02-2022 15:10,0.025634
24-02-2022 15:13,0.026549
24-02-2022 15:16,0.027465
24-02-2022 15:19,0.029296
24-02-2022 15:22,0.031127
24-02-2022 15:25,0.032042
24-02-2022 15:28,0.033873
24-02-2022 15:31,0.035704
24-02-2022 15:34,0.03662
24-02-2022 15:37,0.038451
24-02-2022 15:40,0.039366
24-02-2022 15:43,0.041197
24-02-2022 15:46,0.043028
24-02-2022 15:49,0.043944
24-02-2022 15:51,0.045775
24-02-2022 15:52,0.045775
24-02-2022 15:54,0.04669
24-02-2022 15:55,0.047606
24-02-2022 15:57,0.048521
24-02-2022 15:58,0.049437
24-02-2022 16:00,0.050352
24-02-2022 16:01,0.050352
24-02-2022 16:03,0.051268
24-02-2022 16:04,0.053099
24-02-2022 16:06,0.054014
24-02-2022 16:07,0.054014
24-02-2022 16:09,0.05493
24-02-2022 16:10,0.055845
24-02-2022 16:12,0.056761
24-02-2022 16:15,0.058592
24-02-2022 16:18,0.059507
24-02-2022 16:21,0.062254
24-02-2022 16:24,0.063169
24-02-2022 16:27,0.065916
24-02-2022 16:30,0.066831
24-02-2022 16:33,0.068662
24-02-2022 16:36,0.070493
24-02-2022 16:39,0.071409
24-02-2022 16:42,0.07324
24-02-2022 16:45,0.075071
24-02-2022 16:48,0.075986
24-02-2022 16:51,0.077817
24-02-2022 16:54,0.078733
24-02-2022 16:57,0.080564
24-02-2022 17:00,0.081479
24-02-2022 17:02,0.08331
24-02-2022 17:03,0.08331
24-02-2022 17:05,0.084226
24-02-2022 17:06,0.085141
24-02-2022 17:08,0.086057
24-02-2022 17:09,0.086057
24-02-2022 17:11,0.086057
24-02-2022 17:12,0.087888
24-02-2022 17:14,0.087888
24-02-2022 17:15,0.087888
24-02-2022 17:17,0.088803
24-02-2022 17:18,0.088803
24-02-2022 17:20,0.089719
24-02-2022 17:21,0.090634
24-02-2022 17:23,0.090634
24-02-2022 17:24,0.09155
24-02-2022 17:26,0.09155
24-02-2022 17:29,0.092465
24-02-2022 17:32,0.093381
24-02-2022 17:35,0.094296
24-02-2022 17:38,0.094296
24-02-2022 17:41,0.095212
24-02-2022 17:44,0.096127
24-02-2022 17:47,0.096127
24-02-2022 17:50,0.097043
24-02-2022 17:53,0.097043
24-02-2022 17:56,0.097958
24-02-2022 17:59,0.097043
24-02-2022 18:02,0.097958
24-02-2022 18:05,0.097958
24-02-2022 18:08,0.097958
24-02-2022 18:11,0.097958
24-02-2022 18:14,0.097958
24-02-2022 18:16,0.097958
24-02-2022 18:17,0.097958
24-02-2022 18:19,0.097958
24-02-2022 18:20,0.097958
24-02-2022 18:22,0.097958
24-02-2022 18:23,0.097958
24-02-2022 18:25,0.097958
24-02-2022 18:26,0.097043
24-02-2022 18:28,0.097958
24-02-2022 18:29,0.097043
24-02-2022 18:31,0.097043
24-02-2022 18:32,0.097043
24-02-2022 18:34,0.097043
24-02-2022 18:35,0.097043
24-02-2022 18:37,0.096127
24-02-2022 18:40,0.096127
24-02-2022 18:43,0.096127
24-02-2022 18:46,0.094296
24-02-2022 18:49,0.094296
24-02-2022 18:52,0.094296
24-02-2022 18:55,0.093381
24-02-2022 18:58,0.092465
24-02-2022 19:01,0.09155
24-02-2022 19:04,0.090634
24-02-2022 19:07,0.090634
24-02-2022 19:10,0.089719
24-02-2022 19:13,0.088803
24-02-2022 19:16,0.087888
24-02-2022 19:19,0.086972
24-02-2022 19:22,0.086057
24-02-2022 19:25,0.085141
24-02-2022 19:28,0.08331
24-02-2022 19:30,0.084226
24-02-2022 19:31,0.082395
24-02-2022 19:33,0.08331
24-02-2022 19:34,0.082395
24-02-2022 19:36,0.081479
24-02-2022 19:37,0.080564
24-02-2022 19:39,0.080564
24-02-2022 19:40,0.080564
24-02-2022 19:42,0.079648
24-02-2022 19:43,0.079648
24-02-2022 19:45,0.078733
24-02-2022 19:46,0.078733
24-02-2022 19:48,0.076902
24-02-2022 19:49,0.077817
24-02-2022 19:51,0.075986
24-02-2022 19:54,0.075071
24-02-2022 19:57,0.074155
24-02-2022 20:00,0.07324
24-02-2022 20:03,0.071409
24-02-2022 20:06,0.070493
24-02-2022 20:09,0.069578
24-02-2022 20:12,0.067747
24-02-2022 20:15,0.066831
24-02-2022 20:18,0.065
24-02-2022 20:21,0.064085
24-02-2022 20:24,0.062254
24-02-2022 20:27,0.060423
24-02-2022 20:30,0.058592
24-02-2022 20:33,0.056761
24-02-2022 20:36,0.05493
24-02-2022 20:39,0.053099
24-02-2022 20:42,0.052183
24-02-2022 20:44,0.051268
24-02-2022 20:45,0.050352
24-02-2022 20:47,0.049437
24-02-2022 20:48,0.048521
24-02-2022 20:50,0.047606
24-02-2022 20:51,0.04669
24-02-2022 20:53,0.045775
24-02-2022 20:54,0.044859
24-02-2022 20:56,0.043944
24-02-2022 20:57,0.043028
24-02-2022 20:59,0.041197
24-02-2022 21:00,0.040282
24-02-2022 21:02,0.039366
24-02-2022 21:03,0.038451
24-02-2022 21:05,0.037535
24-02-2022 21:08,0.035704
24-02-2022 21:11,0.033873
24-02-2022 21:14,0.032042
24-02-2022 21:17,0.030211
24-02-2022 21:20,0.02838
24-02-2022 21:23,0.026549
24-02-2022 21:26,0.025634
24-02-2022 21:29,0.023803
24-02-2022 21:32,0.022887
24-02-2022 21:35,0.021056
24-02-2022 21:38,0.020141
24-02-2022 21:41,0.019225
24-02-2022 21:44,0.01831
24-02-2022 21:47,0.016479
24-02-2022 21:50,0.015563
24-02-2022 21:53,0.014648
24-02-2022 21:55,0.014648
24-02-2022 21:56,0.014648
24-02-2022 21:58,0.013732
24-02-2022 21:59,0.013732
24-02-2022 22:01,0.012817
24-02-2022 22:02,0.012817
24-02-2022 22:04,0.012817
24-02-2022 22:05,0.011901
24-02-2022 22:07,0.011901
24-02-2022 22:08,0.011901
24-02-2022 22:10,0.011901
24-02-2022 22:11,0.010986
24-02-2022 22:13,0.010986
24-02-2022 22:14,0.010986
24-02-2022 22:16,0.010986
24-02-2022 22:17,0.010986
24-02-2022 22:19,0.01007
24-02-2022 22:22,0.01007
24-02-2022 22:25,0.01007
24-02-2022 22:28,0.01007
24-02-2022 22:31,0.01007
24-02-2022 22:34,0.01007
24-02-2022 22:37,0.01007
24-02-2022 22:40,0.009155
24-02-2022 22:43,0.009155
24-02-2022 22:46,0.009155
24-02-2022 22:49,0.009155
24-02-2022 22:52,0.009155
24-02-2022 22:55,0.009155
24-02-2022 22:58,0.009155
24-02-2022 23:01,0.009155
24-02-2022 23:04,0.009155
24-02-2022 23:07,0.009155
24-02-2022 23:09,0.009155
24-02-2022 23:10,0.009155
24-02-2022 23:12,0.009155
24-02-2022 23:13,0.009155
24-02-2022 23:15,0.009155
24-02-2022 23:16,0.009155
24-02-2022 23:18,0.009155
24-02-2022 23:19,0.009155
24-02-2022 23:21,0.009155
24-02-2022 23:22,0.008239
24-02-2022 23:24,0.009155
24-02-2022 23:25,0.009155
24-02-2022 23:27,0.009155
24-02-2022 23:28,0.009155
24-02-2022 23:30,0.009155
24-02-2022 23:33,0.009155
24-02-2022 23:36,0.009155
24-02-2022 23:39,0.009155
24-02-2022 23:42,0.009155
24-02-2022 23:45,0.009155
24-02-2022 23:48,0.01007
24-02-2022 23:51,0.01007
24-02-2022 23:54,0.01007
24-02-2022 23:57,0.01007
25-02-2022 00:00,0.01007
25-02-2022 00:03,0.01007
25-02-2022 00:06,0.010986
25-02-2022 00:09,0.010986
25-02-2022 00:12,0.010986
25-02-2022 00:15,0.011901
25-02-2022 00:18,0.010986
25-02-2022 00:21,0.011901
25-02-2022 00:23,0.011901
25-02-2022 00:24,0.011901
25-02-2022 00:26,0.011901
25-02-2022 00:27,0.011901
25-02-2022 00:29,0.012817
25-02-2022 00:30,0.012817
25-02-2022 00:32,0.012817
25-02-2022 00:33,0.012817
25-02-2022 00:35,0.012817
25-02-2022 00:36,0.013732
25-02-2022 00:38,0.013732
25-02-2022 00:39,0.013732
25-02-2022 00:41,0.013732
25-02-2022 00:42,0.013732
25-02-2022 00:44,0.013732
25-02-2022 00:47,0.014648
25-02-2022 00:50,0.014648
25-02-2022 00:53,0.015563
25-02-2022 00:56,0.015563
25-02-2022 00:59,0.016479
25-02-2022 01:02,0.016479
25-02-2022 01:05,0.016479
25-02-2022 01:08,0.016479
25-02-2022 01:11,0.017394
25-02-2022 01:14,0.01831
25-02-2022 01:17,0.019225
25-02-2022 01:20,0.019225
25-02-2022 01:23,0.019225
25-02-2022 01:26,0.020141
25-02-2022 01:29,0.020141
25-02-2022 01:32,0.021056
25-02-2022 01:35,0.021056
25-02-2022 01:37,0.021972
25-02-2022 01:38,0.021972
25-02-2022 01:40,0.022887
25-02-2022 01:41,0.021972
25-02-2022 01:43,0.022887
25-02-2022 01:44,0.022887
25-02-2022 01:46,0.023803
25-02-2022 01:47,0.023803
25-02-2022 01:49,0.023803
25-02-2022 01:50,0.024718
25-02-2022 01:52,0.024718
25-02-2022 01:53,0.024718
25-02-2022 01:55,0.025634
25-02-2022 01:56,0.025634
25-02-2022 01:58,0.025634
25-02-2022 02:01,0.027465
25-02-2022 02:04,0.027465
25-02-2022 02:07,0.02838
25-02-2022 02:10,0.02838
25-02-2022 02:13,0.029296
25-02-2022 02:16,0.030211
25-02-2022 02:19,0.031127
25-02-2022 02:22,0.032042
25-02-2022 02:25,0.032042
25-02-2022 02:28,0.032958
25-02-2022 02:31,0.033873
25-02-2022 02:34,0.034789
25-02-2022 02:37,0.035704
25-02-2022 02:40,0.03662
25-02-2022 02:43,0.037535
25-02-2022 02:46,0.037535
25-02-2022 02:48,0.038451
25-02-2022 02:49,0.039366
25-02-2022 02:51,0.039366
25-02-2022 02:52,0.039366
25-02-2022 02:54,0.040282
25-02-2022 02:55,0.041197
25-02-2022 02:57,0.042113
25-02-2022 02:58,0.042113
25-02-2022 03:00,0.043028
25-02-2022 03:01,0.043028
25-02-2022 03:03,0.043028
25-02-2022 03:04,0.043944
25-02-2022 03:06,0.044859
25-02-2022 03:07,0.044859
25-02-2022 03:09,0.045775
25-02-2022 03:10,0.045775
25-02-2022 03:12,0.04669
25-02-2022 03:15,0.047606
25-02-2022 03:18,0.048521
25-02-2022 03:21,0.050352
25-02-2022 03:24,0.051268
25-02-2022 03:27,0.052183
25-02-2022 03:30,0.054014
25-02-2022 03:33,0.054014
25-02-2022 03:36,0.055845
25-02-2022 03:39,0.056761
25-02-2022 03:42,0.057676
25-02-2022 03:45,0.059507
25-02-2022 03:48,0.060423
25-02-2022 03:51,0.061338
25-02-2022 03:54,0.063169
25-02-2022 03:57,0.064085
25-02-2022 04:00,0.065
25-02-2022 04:02,0.065916
25-02-2022 04:03,0.065916
25-02-2022 04:05,0.066831
25-02-2022 04:06,0.067747
25-02-2022 04:08,0.068662
25-02-2022 04:09,0.068662
25-02-2022 04:11,0.069578
25-02-2022 04:12,0.069578
25-02-2022 04:14,0.070493
25-02-2022 04:15,0.071409
25-02-2022 04:17,0.071409
25-02-2022 04:18,0.072324
25-02-2022 04:20,0.072324
25-02-2022 04:21,0.074155
25-02-2022 04:23,0.075071
25-02-2022 04:26,0.075986
25-02-2022 04:29,0.075071
25-02-2022 04:32,0.077817
25-02-2022 04:35,0.077817
25-02-2022 04:38,0.079648
25-02-2022 04:41,0.080564
25-02-2022 04:44,0.081479
25-02-2022 04:47,0.082395
25-02-2022 04:50,0.084226
25-02-2022 04:53,0.084226
25-02-2022 04:56,0.086057
25-02-2022 04:59,0.086057
25-02-2022 05:02,0.087888
25-02-2022 05:05,0.088803
25-02-2022 05:08,0.088803
25-02-2022 05:11,0.090634
25-02-2022 05:14,0.090634
25-02-2022 05:16,0.09155
25-02-2022 05:17,0.092465
25-02-2022 05:19,0.092465
25-02-2022 05:20,0.093381
25-02-2022 05:22,0.093381
25-02-2022 05:23,0.093381
25-02-2022 05:25,0.094296
25-02-2022 05:26,0.094296
25-02-2022 05:28,0.095212
25-02-2022 05:29,0.095212
25-02-2022 05:31,0.096127
25-02-2022 05:32,0.096127
25-02-2022 05:34,0.096127
25-02-2022 05:35,0.097043
25-02-2022 05:37,0.097043
25-02-2022 05:40,0.097958
25-02-2022 05:43,0.098874
25-02-2022 05:46,0.099789
25-02-2022 05:49,0.099789
25-02-2022 05:52,0.100705
25-02-2022 05:55,0.10162
25-02-2022 05:58,0.102536
25-02-2022 06:01,0.102536
25-02-2022 06:04,0.102536
25-02-2022 06:07,0.103451
25-02-2022 06:10,0.104367
25-02-2022 06:13,0.104367
25-02-2022 06:16,0.105282
25-02-2022 06:19,0.105282
25-02-2022 06:22,0.105282
25-02-2022 06:25,0.106198
25-02-2022 06:27,0.106198
25-02-2022 06:28,0.106198
25-02-2022 06:30,0.106198
25-02-2022 06:31,0.106198
25-02-2022 06:33,0.106198
25-02-2022 06:34,0.106198
25-02-2022 06:36,0.107113
25-02-2022 06:37,0.106198
25-02-2022 06:39,0.107113
25-02-2022 06:40,0.106198
25-02-2022 06:42,0.107113
25-02-2022 06:43,0.107113
25-02-2022 06:45,0.107113
25-02-2022 06:46,0.107113
25-02-2022 06:48,0.107113
25-02-2022 06:49,0.107113
25-02-2022 06:51,0.107113
25-02-2022 06:54,0.106198
25-02-2022 06:57,0.106198
25-02-2022 07:00,0.106198
25-02-2022 07:03,0.105282
25-02-2022 07:06,0.105282
25-02-2022 07:09,0.105282
25-02-2022 07:12,0.104367
25-02-2022 07:15,0.103451
25-02-2022 07:18,0.102536
25-02-2022 07:21,0.102536
25-02-2022 07:24,0.10162
25-02-2022 07:27,0.099789
25-02-2022 07:30,0.098874
25-02-2022 07:33,0.097958
25-02-2022 07:36,0.096127
25-02-2022 07:39,0.095212
25-02-2022 07:41,0.094296
25-02-2022 07:42,0.093381
25-02-2022 07:44,0.092465
25-02-2022 07:45,0.092465
25-02-2022 07:47,0.090634
25-02-2022 07:48,0.089719
25-02-2022 07:50,0.088803
25-02-2022 07:51,0.087888
25-02-2022 07:53,0.086972
25-02-2022 07:54,0.086057
25-02-2022 07:56,0.085141
25-02-2022 07:57,0.084226
25-02-2022 07:59,0.082395
25-02-2022 08:00,0.081479
25-02-2022 08:02,0.079648
25-02-2022 08:05,0.077817
25-02-2022 08:08,0.075071
25-02-2022 08:11,0.072324
25-02-2022 08:14,0.069578
25-02-2022 08:17,0.065916
25-02-2022 08:20,0.063169
25-02-2022 08:23,0.060423
25-02-2022 08:26,0.056761
25-02-2022 08:29,0.054014
25-02-2022 08:32,0.050352
25-02-2022 08:35,0.047606
25-02-2022 08:38,0.043944
25-02-2022 08:41,0.041197
25-02-2022 08:42,0.039366
25-02-2022 08:47,0.033873
25-02-2022 08:50,0.031127
25-02-2022 08:53,0.02838
25-02-2022 08:55,0.025634
25-02-2022 08:56,0.024718
25-02-2022 08:58,0.022887
25-02-2022 08:59,0.021972
25-02-2022 09:01,0.020141
25-02-2022 09:02,0.019225
25-02-2022 09:04,0.017394
25-02-2022 09:05,0.016479
25-02-2022 09:08,0.013732
25-02-2022 09:10,0.011901
25-02-2022 09:11,0.010986
25-02-2022 09:13,0.009155
25-02-2022 09:14,0.008239
25-02-2022 09:16,0.006408
25-02-2022 09:19,0.004577
25-02-2022 09:22,0.001831
25-02-2022 09:28,-0.002746
25-02-2022 09:31,-0.004577
25-02-2022 09:34,-0.006408
25-02-2022 09:37,-0.008239
25-02-2022 09:40,-0.01007
25-02-2022 09:42,-0.010986
25-02-2022 09:43,-0.011901
25-02-2022 09:46,-0.013732
25-02-2022 09:49,-0.014648
25-02-2022 09:52,-0.016479
25-02-2022 09:55,-0.017394
25-02-2022 09:58,-0.019225
25-02-2022 10:01,-0.021056
25-02-2022 10:04,-0.021056
25-02-2022 10:06,-0.021972
25-02-2022 10:07,-0.022887
25-02-2022 10:09,-0.022887
25-02-2022 10:10,-0.024718
25-02-2022 10:12,-0.024718
25-02-2022 10:13,-0.025634
25-02-2022 10:15,-0.025634
25-02-2022 10:16,-0.025634
25-02-2022 10:18,-0.026549
25-02-2022 10:19,-0.027465
25-02-2022 10:21,-0.027465
25-02-2022 10:22,-0.02838
25-02-2022 10:24,-0.02838
25-02-2022 10:25,-0.029296
25-02-2022 10:27,-0.030211
25-02-2022 10:28,-0.030211
25-02-2022 10:30,-0.030211
25-02-2022 10:33,-0.031127
25-02-2022 10:36,-0.032042
25-02-2022 10:39,-0.032042
25-02-2022 10:42,-0.030211
25-02-2022 10:45,-0.032958
25-02-2022 10:48,-0.034789
25-02-2022 10:51,-0.034789
25-02-2022 10:54,-0.034789
25-02-2022 10:57,-0.034789
25-02-2022 10:59,-0.035704
25-02-2022 11:00,-0.035704
25-02-2022 11:03,-0.035704
25-02-2022 11:06,-0.03662
25-02-2022 11:09,-0.03662
25-02-2022 11:12,-0.035704
25-02-2022 11:15,-0.03662
25-02-2022 11:18,-0.03662
25-02-2022 11:20,-0.035704
25-02-2022 11:21,-0.03662
25-02-2022 11:23,-0.03662
25-02-2022 11:24,-0.03662
25-02-2022 11:26,-0.03662
25-02-2022 11:27,-0.035704
25-02-2022 11:29,-0.035704
25-02-2022 11:30,-0.03662
25-02-2022 11:32,-0.035704
25-02-2022 11:33,-0.03662
25-02-2022 11:35,-0.03662
25-02-2022 11:36,-0.035704
25-02-2022 11:38,-0.035704
25-02-2022 11:39,-0.035704
25-02-2022 11:41,-0.035704
25-02-2022 11:44,-0.035704
25-02-2022 11:47,-0.035704
25-02-2022 11:50,-0.034789
25-02-2022 11:53,-0.034789
25-02-2022 11:56,-0.034789
25-02-2022 11:59,-0.033873
25-02-2022 12:02,-0.033873
25-02-2022 12:05,-0.032958
25-02-2022 12:08,-0.032042
25-02-2022 12:11,-0.032042
25-02-2022 12:14,-0.032042
25-02-2022 12:17,-0.031127
25-02-2022 12:20,-0.030211
25-02-2022 12:23,-0.029296
25-02-2022 12:26,-0.029296
25-02-2022 12:29,-0.02838
25-02-2022 12:32,-0.02838
25-02-2022 12:34,-0.027465
25-02-2022 12:35,-0.027465
25-02-2022 12:37,-0.026549
25-02-2022 12:38,-0.026549
25-02-2022 12:40,-0.025634
25-02-2022 12:41,-0.025634
25-02-2022 12:43,-0.025634
25-02-2022 12:44,-0.024718
25-02-2022 12:46,-0.024718
25-02-2022 12:47,-0.024718
25-02-2022 12:50,-0.022887
25-02-2022 12:52,-0.022887
