time,S_C_LOAD_ON_BUS-1
10-01-2022 00:03:45,260.9678864
10-01-2022 00:03:46,260.9678864
10-01-2022 00:03:47,260.9678864
10-01-2022 00:03:48,260.9678864
10-01-2022 00:03:49,260.9678864
10-01-2022 00:03:50,260.9678864
10-01-2022 00:03:51,260.9678864
10-01-2022 00:03:52,274.3061392
10-01-2022 00:03:53,274.3061392
10-01-2022 00:03:54,274.3061392
10-01-2022 00:03:55,274.3061392
10-01-2022 00:03:56,260.9678864
10-01-2022 00:03:57,260.9678864
10-01-2022 00:03:58,260.9678864
10-01-2022 00:03:59,260.9678864
10-01-2022 00:04:00,287.644392
10-01-2022 00:04:01,312.3831792
10-01-2022 00:04:02,312.3831792
10-01-2022 00:04:03,312.3831792
10-01-2022 00:04:04,305.7140528
10-01-2022 00:04:05,305.7140528
10-01-2022 00:04:06,305.7140528
10-01-2022 00:04:07,305.7140528
10-01-2022 00:04:08,299.0449264
10-01-2022 00:04:09,282.5524016
10-01-2022 00:04:10,282.5524016
10-01-2022 00:04:11,282.5524016
10-01-2022 00:04:12,289.221528
10-01-2022 00:04:13,289.221528
10-01-2022 00:04:14,289.221528
10-01-2022 00:04:15,289.221528
10-01-2022 00:04:16,289.221528
10-01-2022 00:04:17,286.413552
10-01-2022 00:04:18,286.413552
10-01-2022 00:04:19,286.413552
10-01-2022 00:04:20,286.413552
10-01-2022 00:04:21,286.413552
10-01-2022 00:04:22,286.413552
10-01-2022 00:04:23,286.413552
10-01-2022 00:04:24,312.8310624
10-01-2022 00:04:25,312.8310624
10-01-2022 00:04:26,312.8310624
10-01-2022 00:04:27,312.8310624
10-01-2022 00:04:28,286.413552
10-01-2022 00:04:29,286.413552
10-01-2022 00:04:30,286.413552
10-01-2022 00:04:31,286.413552
10-01-2022 00:04:32,286.413552
10-01-2022 00:04:33,278.2473504
10-01-2022 00:04:34,278.2473504
10-01-2022 00:04:35,278.2473504
10-01-2022 00:04:36,284.851728
10-01-2022 00:04:37,284.851728
10-01-2022 00:04:38,284.851728
10-01-2022 00:04:39,284.851728
10-01-2022 00:04:40,271.6429728
10-01-2022 00:04:41,279.8091744
10-01-2022 00:04:42,279.8091744
10-01-2022 00:04:43,279.8091744
10-01-2022 00:04:44,293.0179296
10-01-2022 00:04:45,293.0179296
10-01-2022 00:04:46,293.0179296
10-01-2022 00:04:47,293.0179296
10-01-2022 00:04:48,293.0179296
10-01-2022 00:04:49,290.437056
10-01-2022 00:04:50,290.437056
10-01-2022 00:04:51,290.437056
10-01-2022 00:04:52,290.437056
10-01-2022 00:04:53,290.437056
10-01-2022 00:04:54,290.437056
10-01-2022 00:04:55,290.437056
10-01-2022 00:04:56,290.437056
10-01-2022 00:04:57,290.437056
10-01-2022 00:04:58,290.437056
10-01-2022 00:04:59,290.437056
10-01-2022 00:05:00,290.437056
10-01-2022 00:05:01,290.437056
10-01-2022 00:05:02,290.437056
10-01-2022 00:05:03,290.437056
10-01-2022 00:05:04,303.9048064
10-01-2022 00:05:05,312.2311296
10-01-2022 00:05:06,312.2311296
10-01-2022 00:05:07,312.2311296
10-01-2022 00:05:08,312.2311296
10-01-2022 00:05:09,312.2311296
10-01-2022 00:05:10,312.2311296
10-01-2022 00:05:11,312.2311296
10-01-2022 00:05:12,312.2311296
10-01-2022 00:05:13,312.2311296
10-01-2022 00:05:14,312.2311296
10-01-2022 00:05:15,312.2311296
10-01-2022 00:05:16,318.9650048
10-01-2022 00:05:17,318.9650048
10-01-2022 00:05:18,318.9650048
10-01-2022 00:05:19,318.9650048
10-01-2022 00:05:20,312.2311296
10-01-2022 00:05:21,309.2289072
10-01-2022 00:05:22,309.2289072
10-01-2022 00:05:23,309.2289072
10-01-2022 00:05:24,309.2289072
10-01-2022 00:05:25,309.2289072
10-01-2022 00:05:26,309.2289072
10-01-2022 00:05:28,309.2289072
10-01-2022 00:05:29,309.2289072
10-01-2022 00:05:30,309.2289072
10-01-2022 00:05:31,309.2289072
10-01-2022 00:05:32,309.2289072
10-01-2022 00:05:33,295.8906544
10-01-2022 00:05:34,295.8906544
10-01-2022 00:05:35,295.8906544
10-01-2022 00:05:36,295.8906544
10-01-2022 00:05:37,295.8906544
10-01-2022 00:05:38,258.4953508
10-01-2022 00:05:39,258.4953508
10-01-2022 00:05:40,258.4953508
10-01-2022 00:05:41,258.4953508
10-01-2022 00:05:42,258.4953508
10-01-2022 00:05:43,258.4953508
10-01-2022 00:05:44,258.4953508
10-01-2022 00:05:45,258.4953508
10-01-2022 00:05:46,258.4953508
10-01-2022 00:05:47,258.4953508
10-01-2022 00:05:48,258.4953508
10-01-2022 00:05:49,264.833188
10-01-2022 00:05:50,264.833188
10-01-2022 00:05:51,264.833188
10-01-2022 00:05:52,264.833188
10-01-2022 00:05:53,258.4953508
10-01-2022 00:05:54,245.3898828
10-01-2022 00:05:55,245.3898828
10-01-2022 00:05:56,245.3898828
10-01-2022 00:05:57,245.3898828
10-01-2022 00:05:58,245.3898828
10-01-2022 00:05:59,245.3898828
10-01-2022 00:06:00,245.3898828
10-01-2022 00:06:01,251.6046552
10-01-2022 00:06:02,267.7769368
10-01-2022 00:06:03,267.7769368
10-01-2022 00:06:04,267.7769368
10-01-2022 00:06:05,267.7769368
10-01-2022 00:06:06,267.7769368
10-01-2022 00:06:07,267.7769368
10-01-2022 00:06:08,267.7769368
10-01-2022 00:06:09,292.6360264
10-01-2022 00:06:10,284.5498856
10-01-2022 00:06:11,284.5498856
10-01-2022 00:06:12,284.5498856
10-01-2022 00:06:13,278.3351132
10-01-2022 00:06:14,278.3351132
10-01-2022 00:06:15,278.3351132
10-01-2022 00:06:16,278.3351132
10-01-2022 00:06:17,278.3351132
10-01-2022 00:06:18,278.3351132
10-01-2022 00:06:19,278.3351132
10-01-2022 00:06:20,278.3351132
10-01-2022 00:06:21,284.5498856
10-01-2022 00:06:22,284.5498856
10-01-2022 00:06:23,284.5498856
10-01-2022 00:06:24,284.5498856
10-01-2022 00:06:25,278.3351132
10-01-2022 00:06:26,272.8235268
10-01-2022 00:06:27,272.8235268
10-01-2022 00:06:28,272.8235268
10-01-2022 00:06:29,266.7318192
10-01-2022 00:06:30,266.7318192
10-01-2022 00:06:31,266.7318192
10-01-2022 00:06:32,266.7318192
10-01-2022 00:06:33,266.7318192
10-01-2022 00:06:34,266.7318192
10-01-2022 00:06:35,266.7318192
10-01-2022 00:06:36,266.7318192
10-01-2022 00:06:37,266.7318192
10-01-2022 00:06:38,266.7318192
10-01-2022 00:06:39,266.7318192
10-01-2022 00:06:40,266.7318192
10-01-2022 00:06:41,278.9152344
10-01-2022 00:06:42,278.9152344
10-01-2022 00:06:43,278.9152344
10-01-2022 00:06:44,278.9152344
10-01-2022 00:06:45,285.006942
10-01-2022 00:06:46,285.006942
10-01-2022 00:06:47,285.006942
10-01-2022 00:06:48,285.006942
10-01-2022 00:06:49,285.006942
10-01-2022 00:06:50,285.006942
10-01-2022 00:06:51,285.006942
10-01-2022 00:06:52,285.006942
10-01-2022 00:06:53,278.9152344
10-01-2022 00:06:54,278.9152344
10-01-2022 00:06:55,278.9152344
10-01-2022 00:06:56,278.9152344
10-01-2022 00:06:57,278.9152344
10-01-2022 00:06:58,286.8412536
10-01-2022 00:06:59,286.8412536
10-01-2022 00:07:00,286.8412536
10-01-2022 00:07:01,280.749546
10-01-2022 00:07:02,280.749546
10-01-2022 00:07:03,280.749546
10-01-2022 00:07:04,280.749546
10-01-2022 00:07:05,292.9329612
10-01-2022 00:07:06,285.006942
10-01-2022 00:07:07,285.006942
10-01-2022 00:07:08,285.006942
10-01-2022 00:07:09,285.006942
10-01-2022 00:07:10,285.006942
10-01-2022 00:07:11,285.006942
10-01-2022 00:07:12,285.006942
10-01-2022 00:07:13,242.3649888
10-01-2022 00:07:14,242.3649888
10-01-2022 00:07:15,242.3649888
10-01-2022 00:07:16,242.3649888
10-01-2022 00:07:17,248.4566964
10-01-2022 00:07:18,248.4566964
10-01-2022 00:07:19,248.4566964
10-01-2022 00:07:20,248.4566964
10-01-2022 00:07:21,248.4566964
10-01-2022 00:07:22,256.3827156
10-01-2022 00:07:23,256.3827156
10-01-2022 00:07:24,256.3827156
10-01-2022 00:07:25,250.291008
10-01-2022 00:07:26,250.291008
10-01-2022 00:07:27,250.291008
10-01-2022 00:07:28,250.291008
10-01-2022 00:07:29,250.291008
10-01-2022 00:07:30,244.81312
10-01-2022 00:07:31,244.81312
10-01-2022 00:07:32,244.81312
10-01-2022 00:07:33,244.81312
10-01-2022 00:07:34,244.81312
10-01-2022 00:07:35,244.81312
10-01-2022 00:07:36,244.81312
10-01-2022 00:07:37,250.96636
10-01-2022 00:07:38,242.96028
10-01-2022 00:07:39,242.96028
10-01-2022 00:07:40,242.96028
10-01-2022 00:07:41,236.80704
10-01-2022 00:07:42,236.80704
10-01-2022 00:07:43,236.80704
10-01-2022 00:07:44,236.80704
10-01-2022 00:07:45,249.11352
10-01-2022 00:07:46,257.1196
10-01-2022 00:07:47,257.1196
10-01-2022 00:07:48,257.1196
10-01-2022 00:07:49,257.1196
10-01-2022 00:07:50,257.1196
10-01-2022 00:07:51,257.1196
10-01-2022 00:07:52,257.1196
10-01-2022 00:07:53,257.1196
10-01-2022 00:07:54,257.1196
10-01-2022 00:07:55,257.1196
10-01-2022 00:07:56,257.1196
10-01-2022 00:07:57,257.1196
10-01-2022 00:07:58,257.1196
10-01-2022 00:07:59,257.1196
10-01-2022 00:08:00,257.1196
10-01-2022 00:08:01,257.1196
10-01-2022 00:08:02,254.548404
10-01-2022 00:08:03,254.548404
10-01-2022 00:08:04,254.548404
10-01-2022 00:08:05,248.4566964
10-01-2022 00:08:06,248.4566964
10-01-2022 00:08:07,248.4566964
10-01-2022 00:08:08,248.4566964
10-01-2022 00:08:09,260.6401116
10-01-2022 00:08:10,260.6401116
10-01-2022 00:08:11,260.6401116
10-01-2022 00:08:12,260.6401116
10-01-2022 00:08:13,254.548404
10-01-2022 00:08:14,254.548404
10-01-2022 00:08:15,254.548404
10-01-2022 00:08:16,254.548404
10-01-2022 00:08:17,254.548404
10-01-2022 00:08:18,254.548404
10-01-2022 00:08:19,254.548404
10-01-2022 00:08:20,254.548404
10-01-2022 00:08:21,260.6401116
10-01-2022 00:08:22,260.6401116
10-01-2022 00:08:23,260.6401116
10-01-2022 00:08:24,260.6401116
10-01-2022 00:08:25,254.548404
10-01-2022 00:08:26,262.4744232
10-01-2022 00:08:27,262.4744232
10-01-2022 00:08:28,262.4744232
10-01-2022 00:08:29,268.5661308
10-01-2022 00:08:30,268.5661308
10-01-2022 00:08:31,268.5661308
10-01-2022 00:08:32,268.5661308
10-01-2022 00:08:33,262.4744232
10-01-2022 00:08:34,259.8231664
10-01-2022 00:08:35,259.8231664
10-01-2022 00:08:36,259.8231664
10-01-2022 00:08:37,265.8533416
10-01-2022 00:08:38,265.8533416
10-01-2022 00:08:39,265.8533416
10-01-2022 00:08:40,265.8533416
10-01-2022 00:08:41,271.8835168
10-01-2022 00:08:42,264.0375584
10-01-2022 00:08:43,264.0375584
10-01-2022 00:08:44,264.0375584
10-01-2022 00:08:45,251.977208
10-01-2022 00:08:46,251.977208
10-01-2022 00:08:47,251.977208
10-01-2022 00:08:49,251.977208
10-01-2022 00:08:50,270.0677336
10-01-2022 00:08:51,270.0677336
10-01-2022 00:08:52,270.0677336
10-01-2022 00:08:53,270.0677336
10-01-2022 00:08:54,276.0979088
10-01-2022 00:08:55,276.0979088
10-01-2022 00:08:56,276.0979088
10-01-2022 00:08:57,276.0979088
10-01-2022 00:08:58,264.0375584
10-01-2022 00:08:59,264.0375584
10-01-2022 00:09:00,264.0375584
10-01-2022 00:09:01,264.0375584
10-01-2022 00:09:02,276.0979088
10-01-2022 00:09:03,276.0979088
10-01-2022 00:09:04,276.0979088
10-01-2022 00:09:05,276.0979088
10-01-2022 00:09:06,270.0677336
10-01-2022 00:09:07,272.8235268
10-01-2022 00:09:08,272.8235268
10-01-2022 00:09:09,272.8235268
10-01-2022 00:09:10,266.7318192
10-01-2022 00:09:11,266.7318192
10-01-2022 00:09:12,266.7318192
10-01-2022 00:09:13,266.7318192
10-01-2022 00:09:14,272.8235268
10-01-2022 00:09:15,272.8235268
10-01-2022 00:09:16,272.8235268
10-01-2022 00:09:17,272.8235268
10-01-2022 00:09:18,272.8235268
10-01-2022 00:09:19,272.8235268
10-01-2022 00:09:20,272.8235268
10-01-2022 00:09:21,272.8235268
10-01-2022 00:09:22,266.7318192
10-01-2022 00:09:23,266.7318192
10-01-2022 00:09:24,266.7318192
10-01-2022 00:09:25,266.7318192
10-01-2022 00:09:26,266.7318192
10-01-2022 00:09:27,266.7318192
10-01-2022 00:09:28,266.7318192
10-01-2022 00:09:29,266.7318192
10-01-2022 00:09:30,272.8235268
10-01-2022 00:09:31,272.8235268
10-01-2022 00:09:32,272.8235268
10-01-2022 00:09:33,272.8235268
10-01-2022 00:09:34,272.8235268
10-01-2022 00:09:35,272.8235268
10-01-2022 00:09:36,272.8235268
10-01-2022 00:09:37,272.8235268
10-01-2022 00:09:38,272.8235268
10-01-2022 00:09:39,267.3119404
10-01-2022 00:09:40,267.3119404
10-01-2022 00:09:41,267.3119404
10-01-2022 00:09:42,261.3432976
10-01-2022 00:09:43,261.3432976
10-01-2022 00:09:44,261.3432976
10-01-2022 00:09:45,261.3432976
10-01-2022 00:09:46,261.3432976
10-01-2022 00:09:47,261.3432976
10-01-2022 00:09:48,261.3432976
10-01-2022 00:09:49,261.3432976
10-01-2022 00:09:50,291.1865116
10-01-2022 00:09:51,291.1865116
10-01-2022 00:09:52,291.1865116
10-01-2022 00:09:53,291.1865116
10-01-2022 00:09:54,291.1865116
10-01-2022 00:09:55,306.32212
10-01-2022 00:09:56,306.32212
10-01-2022 00:09:57,306.32212
10-01-2022 00:09:58,306.32212
10-01-2022 00:09:59,306.32212
10-01-2022 00:10:00,306.32212
10-01-2022 00:10:01,306.32212
10-01-2022 00:10:02,306.32212
10-01-2022 00:10:03,306.32212
10-01-2022 00:10:04,306.32212
10-01-2022 00:10:05,306.32212
10-01-2022 00:10:06,300.0414864
10-01-2022 00:10:07,300.0414864
10-01-2022 00:10:08,300.0414864
10-01-2022 00:10:09,300.0414864
10-01-2022 00:10:10,312.6027536
10-01-2022 00:10:11,343.4880384
10-01-2022 00:10:12,343.4880384
10-01-2022 00:10:13,343.4880384
10-01-2022 00:10:14,330.020288
10-01-2022 00:10:15,330.020288
10-01-2022 00:10:16,330.020288
10-01-2022 00:10:17,330.020288
10-01-2022 00:10:18,336.7541632
10-01-2022 00:10:19,328.42784
10-01-2022 00:10:20,328.42784
10-01-2022 00:10:21,328.42784
10-01-2022 00:10:22,335.1617152
10-01-2022 00:10:23,335.1617152
10-01-2022 00:10:24,335.1617152
10-01-2022 00:10:25,335.1617152
10-01-2022 00:10:26,335.1617152
10-01-2022 00:10:27,316.0523392
10-01-2022 00:10:28,316.0523392
10-01-2022 00:10:29,316.0523392
10-01-2022 00:10:30,316.0523392
10-01-2022 00:10:31,316.0523392
10-01-2022 00:10:32,316.0523392
10-01-2022 00:10:33,316.0523392
10-01-2022 00:10:34,322.7862144
10-01-2022 00:10:35,322.7862144
10-01-2022 00:10:36,322.7862144
10-01-2022 00:10:37,322.7862144
10-01-2022 00:10:38,316.0523392
10-01-2022 00:10:39,316.0523392
10-01-2022 00:10:40,316.0523392
10-01-2022 00:10:41,316.0523392
10-01-2022 00:10:42,316.0523392
10-01-2022 00:10:43,313.0133744
10-01-2022 00:10:44,313.0133744
10-01-2022 00:10:45,313.0133744
10-01-2022 00:10:46,313.0133744
10-01-2022 00:10:47,313.0133744
10-01-2022 00:10:48,313.0133744
10-01-2022 00:10:49,313.0133744
10-01-2022 00:10:50,313.0133744
10-01-2022 00:10:51,304.767112
10-01-2022 00:10:52,304.767112
10-01-2022 00:10:53,304.767112
10-01-2022 00:10:54,344.7818704
10-01-2022 00:10:55,344.7818704
10-01-2022 00:10:56,344.7818704
10-01-2022 00:10:57,344.7818704
10-01-2022 00:10:58,364.7892496
10-01-2022 00:10:59,315.3116752
10-01-2022 00:11:00,315.3116752
10-01-2022 00:11:01,315.3116752
10-01-2022 00:11:02,321.9808016
10-01-2022 00:11:03,321.9808016
10-01-2022 00:11:04,321.9808016
10-01-2022 00:11:05,321.9808016
10-01-2022 00:11:06,308.6425488
10-01-2022 00:11:07,316.8888112
10-01-2022 00:11:08,316.8888112
10-01-2022 00:11:09,316.8888112
10-01-2022 00:11:10,316.8888112
10-01-2022 00:11:11,316.8888112
10-01-2022 00:11:12,316.8888112
10-01-2022 00:11:13,316.8888112
10-01-2022 00:11:14,330.227064
10-01-2022 00:11:15,325.1068288
10-01-2022 00:11:16,325.1068288
10-01-2022 00:11:17,325.1068288
10-01-2022 00:11:18,325.1068288
10-01-2022 00:11:19,325.1068288
10-01-2022 00:11:20,325.1068288
10-01-2022 00:11:21,325.1068288
10-01-2022 00:11:22,318.3729536
10-01-2022 00:11:23,318.3729536
10-01-2022 00:11:24,318.3729536
10-01-2022 00:11:25,318.3729536
10-01-2022 00:11:26,318.3729536
10-01-2022 00:11:27,318.3729536
10-01-2022 00:11:28,318.3729536
10-01-2022 00:11:29,318.3729536
10-01-2022 00:11:30,358.7762048
10-01-2022 00:11:31,283.839296
10-01-2022 00:11:32,283.839296
10-01-2022 00:11:33,283.839296
10-01-2022 00:11:34,290.5731712
10-01-2022 00:11:35,290.5731712
10-01-2022 00:11:36,290.5731712
10-01-2022 00:11:37,290.5731712
10-01-2022 00:11:38,290.5731712
10-01-2022 00:11:39,290.5731712
10-01-2022 00:11:40,290.5731712
10-01-2022 00:11:41,290.5731712
10-01-2022 00:11:42,283.839296
10-01-2022 00:11:43,283.839296
10-01-2022 00:11:44,283.839296
10-01-2022 00:11:45,283.839296
10-01-2022 00:11:46,283.839296
10-01-2022 00:11:47,272.8638096
10-01-2022 00:11:48,272.8638096
10-01-2022 00:11:49,272.8638096
10-01-2022 00:11:50,299.5403152
10-01-2022 00:11:51,299.5403152
10-01-2022 00:11:52,299.5403152
10-01-2022 00:11:53,299.5403152
10-01-2022 00:11:54,272.8638096
10-01-2022 00:11:55,272.8638096
10-01-2022 00:11:56,272.8638096
10-01-2022 00:11:57,272.8638096
10-01-2022 00:11:58,266.1946832
10-01-2022 00:11:59,266.1946832
10-01-2022 00:12:00,266.1946832
10-01-2022 00:12:01,249.7021584
10-01-2022 00:12:02,249.7021584
10-01-2022 00:12:03,249.7021584
10-01-2022 00:12:04,249.7021584
10-01-2022 00:12:05,276.378664
10-01-2022 00:12:06,276.378664
10-01-2022 00:12:07,276.378664
10-01-2022 00:12:09,276.378664
10-01-2022 00:12:10,283.0477904
10-01-2022 00:12:11,283.0477904
10-01-2022 00:12:12,283.0477904
10-01-2022 00:12:13,283.0477904
10-01-2022 00:12:14,283.0477904
10-01-2022 00:12:15,283.0477904
10-01-2022 00:12:16,283.0477904
10-01-2022 00:12:17,283.0477904
10-01-2022 00:12:18,276.378664
10-01-2022 00:12:19,268.1324016
10-01-2022 00:12:20,268.1324016
10-01-2022 00:12:21,268.1324016
10-01-2022 00:12:22,274.801528
10-01-2022 00:12:23,274.801528
10-01-2022 00:12:24,274.801528
10-01-2022 00:12:25,274.801528
10-01-2022 00:12:26,308.14716
10-01-2022 00:12:27,316.3934224
10-01-2022 00:12:28,316.3934224
10-01-2022 00:12:29,316.3934224
10-01-2022 00:12:30,276.378664
10-01-2022 00:12:31,276.378664
10-01-2022 00:12:32,276.378664
10-01-2022 00:12:33,276.378664
10-01-2022 00:12:34,283.0477904
10-01-2022 00:12:35,283.0477904
10-01-2022 00:12:36,283.0477904
10-01-2022 00:12:37,283.0477904
10-01-2022 00:12:38,276.378664
10-01-2022 00:12:39,276.378664
10-01-2022 00:12:40,276.378664
10-01-2022 00:12:41,276.378664
10-01-2022 00:12:42,276.378664
10-01-2022 00:12:43,268.1324016
10-01-2022 00:12:44,268.1324016
10-01-2022 00:12:45,268.1324016
10-01-2022 00:12:46,274.801528
10-01-2022 00:12:47,274.801528
10-01-2022 00:12:48,274.801528
10-01-2022 00:12:49,274.801528
10-01-2022 00:12:50,268.1324016
10-01-2022 00:12:51,276.378664
10-01-2022 00:12:52,276.378664
10-01-2022 00:12:53,276.378664
10-01-2022 00:12:54,276.378664
10-01-2022 00:12:55,276.378664
10-01-2022 00:12:56,276.378664
10-01-2022 00:12:57,276.378664
10-01-2022 00:12:58,309.724296
10-01-2022 00:12:59,301.4780336
10-01-2022 00:13:00,301.4780336
10-01-2022 00:13:01,301.4780336
10-01-2022 00:13:02,274.801528
10-01-2022 00:13:03,274.801528
10-01-2022 00:13:04,274.801528
10-01-2022 00:13:05,274.801528
10-01-2022 00:13:06,274.801528
10-01-2022 00:13:07,283.0477904
10-01-2022 00:13:08,283.0477904
10-01-2022 00:13:09,283.0477904
10-01-2022 00:13:10,276.378664
10-01-2022 00:13:11,276.378664
10-01-2022 00:13:12,276.378664
10-01-2022 00:13:13,276.378664
10-01-2022 00:13:14,289.7169168
10-01-2022 00:13:15,281.4706544
10-01-2022 00:13:16,281.4706544
10-01-2022 00:13:17,281.4706544
10-01-2022 00:13:18,281.4706544
10-01-2022 00:13:19,281.4706544
10-01-2022 00:13:20,281.4706544
10-01-2022 00:13:21,281.4706544
10-01-2022 00:13:22,274.801528
10-01-2022 00:13:23,274.801528
10-01-2022 00:13:24,274.801528
10-01-2022 00:13:25,274.801528
10-01-2022 00:13:26,314.8162864
10-01-2022 00:13:27,314.8162864
10-01-2022 00:13:28,314.8162864
10-01-2022 00:13:29,314.8162864
10-01-2022 00:13:30,268.1324016
10-01-2022 00:13:31,268.1324016
10-01-2022 00:13:32,268.1324016
10-01-2022 00:13:33,268.1324016
10-01-2022 00:13:34,268.1324016
10-01-2022 00:13:35,268.1324016
10-01-2022 00:13:36,268.1324016
10-01-2022 00:13:37,268.1324016
10-01-2022 00:13:38,274.801528
10-01-2022 00:13:39,274.801528
10-01-2022 00:13:40,274.801528
10-01-2022 00:13:41,274.801528
10-01-2022 00:13:42,274.801528
10-01-2022 00:13:43,274.801528
10-01-2022 00:13:44,274.801528
10-01-2022 00:13:45,274.801528
10-01-2022 00:13:46,274.801528
10-01-2022 00:13:47,274.801528
10-01-2022 00:13:48,274.801528
10-01-2022 00:13:49,274.801528
10-01-2022 00:13:50,281.4706544
10-01-2022 00:13:51,281.4706544
10-01-2022 00:13:52,281.4706544
10-01-2022 00:13:53,281.4706544
10-01-2022 00:13:54,274.801528
10-01-2022 00:13:55,266.5552656
10-01-2022 00:13:56,266.5552656
10-01-2022 00:13:57,266.5552656
10-01-2022 00:13:58,273.224392
10-01-2022 00:13:59,273.224392
10-01-2022 00:14:00,273.224392
10-01-2022 00:14:01,273.224392
10-01-2022 00:14:02,266.5552656
10-01-2022 00:14:03,274.801528
10-01-2022 00:14:04,274.801528
10-01-2022 00:14:05,274.801528
10-01-2022 00:14:06,268.1324016
10-01-2022 00:14:07,268.1324016
10-01-2022 00:14:08,268.1324016
10-01-2022 00:14:09,268.1324016
10-01-2022 00:14:10,288.1397808
10-01-2022 00:14:11,288.1397808
10-01-2022 00:14:12,288.1397808
10-01-2022 00:14:13,288.1397808
10-01-2022 00:14:14,288.1397808
10-01-2022 00:14:15,288.1397808
10-01-2022 00:14:16,288.1397808
10-01-2022 00:14:17,288.1397808
10-01-2022 00:14:18,281.4706544
10-01-2022 00:14:19,281.4706544
10-01-2022 00:14:20,281.4706544
10-01-2022 00:14:21,281.4706544
10-01-2022 00:14:22,288.1397808
10-01-2022 00:14:23,288.1397808
10-01-2022 00:14:24,288.1397808
10-01-2022 00:14:25,288.1397808
10-01-2022 00:14:26,274.801528
10-01-2022 00:14:27,266.5552656
10-01-2022 00:14:28,266.5552656
10-01-2022 00:14:29,266.5552656
10-01-2022 00:14:30,266.5552656
10-01-2022 00:14:31,266.5552656
10-01-2022 00:14:32,266.5552656
10-01-2022 00:14:33,266.5552656
10-01-2022 00:14:34,273.224392
10-01-2022 00:14:35,281.4706544
10-01-2022 00:14:36,281.4706544
10-01-2022 00:14:37,281.4706544
10-01-2022 00:14:38,288.1397808
10-01-2022 00:14:39,288.1397808
10-01-2022 00:14:40,288.1397808
10-01-2022 00:14:41,288.1397808
10-01-2022 00:14:42,281.4706544
10-01-2022 00:14:43,281.4706544
10-01-2022 00:14:44,281.4706544
10-01-2022 00:14:45,281.4706544
10-01-2022 00:14:46,288.1397808
10-01-2022 00:14:47,288.1397808
10-01-2022 00:14:48,288.1397808
10-01-2022 00:14:49,288.1397808
10-01-2022 00:14:50,274.801528
10-01-2022 00:14:51,274.801528
10-01-2022 00:14:52,274.801528
10-01-2022 00:14:53,274.801528
10-01-2022 00:14:54,281.4706544
10-01-2022 00:14:55,281.4706544
10-01-2022 00:14:56,281.4706544
10-01-2022 00:14:57,281.4706544
10-01-2022 00:14:58,274.801528
10-01-2022 00:14:59,274.801528
10-01-2022 00:15:00,274.801528
10-01-2022 00:15:01,274.801528
10-01-2022 00:15:02,274.801528
10-01-2022 00:15:03,274.801528
10-01-2022 00:15:04,274.801528
10-01-2022 00:15:05,274.801528
10-01-2022 00:15:06,321.4854128
10-01-2022 00:15:07,324.6066304
10-01-2022 00:15:08,324.6066304
10-01-2022 00:15:09,324.6066304
10-01-2022 00:15:10,284.2033792
10-01-2022 00:15:11,284.2033792
10-01-2022 00:15:12,284.2033792
10-01-2022 00:15:13,284.2033792
10-01-2022 00:15:14,284.2033792
10-01-2022 00:15:15,284.2033792
10-01-2022 00:15:16,284.2033792
10-01-2022 00:15:17,284.2033792
10-01-2022 00:15:18,284.2033792
10-01-2022 00:15:19,284.2033792
10-01-2022 00:15:20,284.2033792
10-01-2022 00:15:21,284.2033792
10-01-2022 00:15:22,277.469504
10-01-2022 00:15:23,277.469504
10-01-2022 00:15:24,277.469504
10-01-2022 00:15:25,277.469504
10-01-2022 00:15:26,277.469504
10-01-2022 00:15:27,277.469504
10-01-2022 00:15:28,277.469504
10-01-2022 00:15:29,277.469504
10-01-2022 00:15:31,284.2033792
10-01-2022 00:15:32,275.877056
10-01-2022 00:15:33,275.877056
10-01-2022 00:15:34,275.877056
10-01-2022 00:15:35,269.1431808
10-01-2022 00:15:36,269.1431808
10-01-2022 00:15:37,269.1431808
10-01-2022 00:15:38,269.1431808
10-01-2022 00:15:39,323.0141824
10-01-2022 00:15:40,316.8023712
10-01-2022 00:15:41,316.8023712
10-01-2022 00:15:42,316.8023712
10-01-2022 00:15:43,270.571728
10-01-2022 00:15:44,270.571728
10-01-2022 00:15:45,270.571728
10-01-2022 00:15:46,270.571728
10-01-2022 00:15:47,263.9673504
10-01-2022 00:15:48,263.9673504
10-01-2022 00:15:49,263.9673504
10-01-2022 00:15:50,263.9673504
10-01-2022 00:15:51,270.571728
10-01-2022 00:15:52,270.571728
10-01-2022 00:15:53,270.571728
10-01-2022 00:15:54,270.571728
10-01-2022 00:15:55,270.571728
10-01-2022 00:15:56,278.7379296
10-01-2022 00:15:57,278.7379296
10-01-2022 00:15:58,278.7379296
10-01-2022 00:15:59,291.9466848
10-01-2022 00:16:00,291.9466848
10-01-2022 00:16:01,291.9466848
10-01-2022 00:16:02,291.9466848
10-01-2022 00:16:03,291.9466848
10-01-2022 00:16:04,300.1128864
10-01-2022 00:16:05,300.1128864
10-01-2022 00:16:06,300.1128864
10-01-2022 00:16:07,326.5303968
10-01-2022 00:16:08,326.5303968
10-01-2022 00:16:09,326.5303968
10-01-2022 00:16:10,326.5303968
10-01-2022 00:16:11,300.1128864
10-01-2022 00:16:12,294.8089072
10-01-2022 00:16:13,294.8089072
10-01-2022 00:16:14,294.8089072
10-01-2022 00:16:15,288.1397808
10-01-2022 00:16:16,288.1397808
10-01-2022 00:16:17,288.1397808
10-01-2022 00:16:18,288.1397808
10-01-2022 00:16:19,288.1397808
10-01-2022 00:16:20,288.1397808
10-01-2022 00:16:21,288.1397808
10-01-2022 00:16:22,288.1397808
10-01-2022 00:16:23,288.1397808
10-01-2022 00:16:24,288.1397808
10-01-2022 00:16:25,288.1397808
10-01-2022 00:16:26,288.1397808
10-01-2022 00:16:27,281.4706544
10-01-2022 00:16:28,281.4706544
10-01-2022 00:16:29,281.4706544
10-01-2022 00:16:30,281.4706544
10-01-2022 00:16:31,294.8089072
10-01-2022 00:16:32,294.8089072
10-01-2022 00:16:33,294.8089072
10-01-2022 00:16:34,294.8089072
10-01-2022 00:16:35,294.8089072
10-01-2022 00:16:36,286.5626448
10-01-2022 00:16:37,286.5626448
10-01-2022 00:16:38,286.5626448
10-01-2022 00:16:39,286.5626448
10-01-2022 00:16:40,286.5626448
10-01-2022 00:16:41,286.5626448
10-01-2022 00:16:42,286.5626448
10-01-2022 00:16:43,279.8935184
10-01-2022 00:16:44,290.9372544
10-01-2022 00:16:45,290.9372544
10-01-2022 00:16:46,290.9372544
10-01-2022 00:16:47,290.9372544
10-01-2022 00:16:48,290.9372544
10-01-2022 00:16:49,290.9372544
10-01-2022 00:16:50,290.9372544
10-01-2022 00:16:51,297.6711296
10-01-2022 00:16:52,289.3448064
10-01-2022 00:16:53,289.3448064
10-01-2022 00:16:54,289.3448064
10-01-2022 00:16:55,282.6109312
10-01-2022 00:16:56,282.6109312
10-01-2022 00:16:57,282.6109312
10-01-2022 00:16:58,282.6109312
10-01-2022 00:16:59,289.3448064
10-01-2022 00:17:00,297.6711296
10-01-2022 00:17:01,297.6711296
10-01-2022 00:17:02,297.6711296
10-01-2022 00:17:03,297.6711296
10-01-2022 00:17:04,297.6711296
10-01-2022 00:17:05,297.6711296
10-01-2022 00:17:06,297.6711296
10-01-2022 00:17:07,331.3405056
10-01-2022 00:17:08,339.6668288
10-01-2022 00:17:09,339.6668288
10-01-2022 00:17:10,339.6668288
10-01-2022 00:17:11,299.2635776
10-01-2022 00:17:12,299.2635776
10-01-2022 00:17:13,299.2635776
10-01-2022 00:17:14,299.2635776
10-01-2022 00:17:15,305.9974528
10-01-2022 00:17:16,286.5626448
10-01-2022 00:17:17,286.5626448
10-01-2022 00:17:18,286.5626448
10-01-2022 00:17:19,286.5626448
10-01-2022 00:17:20,286.5626448
10-01-2022 00:17:21,286.5626448
10-01-2022 00:17:22,286.5626448
10-01-2022 00:17:23,293.2317712
10-01-2022 00:17:24,301.4780336
10-01-2022 00:17:25,301.4780336
10-01-2022 00:17:26,301.4780336
10-01-2022 00:17:27,294.8089072
10-01-2022 00:17:28,294.8089072
10-01-2022 00:17:29,294.8089072
10-01-2022 00:17:30,294.8089072
10-01-2022 00:17:31,288.1397808
10-01-2022 00:17:32,288.1397808
10-01-2022 00:17:33,288.1397808
10-01-2022 00:17:34,288.1397808
10-01-2022 00:17:35,294.8089072
10-01-2022 00:17:36,294.8089072
10-01-2022 00:17:37,294.8089072
10-01-2022 00:17:38,294.8089072
10-01-2022 00:17:39,308.14716
10-01-2022 00:17:40,316.3934224
10-01-2022 00:17:41,316.3934224
10-01-2022 00:17:42,316.3934224
10-01-2022 00:17:43,316.3934224
10-01-2022 00:17:44,316.3934224
10-01-2022 00:17:45,316.3934224
10-01-2022 00:17:46,316.3934224
10-01-2022 00:17:47,323.0625488
10-01-2022 00:17:48,323.0625488
10-01-2022 00:17:49,323.0625488
10-01-2022 00:17:50,323.0625488
10-01-2022 00:17:51,309.724296
10-01-2022 00:17:52,309.724296
10-01-2022 00:17:53,309.724296
10-01-2022 00:17:54,309.724296
10-01-2022 00:17:55,316.3934224
10-01-2022 00:17:56,308.14716
10-01-2022 00:17:57,308.14716
10-01-2022 00:17:58,308.14716
10-01-2022 00:17:59,308.14716
10-01-2022 00:18:00,308.14716
10-01-2022 00:18:01,308.14716
10-01-2022 00:18:02,308.14716
10-01-2022 00:18:03,348.1619184
10-01-2022 00:18:04,356.4081808
10-01-2022 00:18:05,356.4081808
10-01-2022 00:18:06,356.4081808
10-01-2022 00:18:07,316.3934224
10-01-2022 00:18:08,316.3934224
10-01-2022 00:18:09,316.3934224
10-01-2022 00:18:10,316.3934224
10-01-2022 00:18:11,309.724296
10-01-2022 00:18:12,309.724296
10-01-2022 00:18:13,309.724296
10-01-2022 00:18:14,309.724296
10-01-2022 00:18:15,323.0625488
10-01-2022 00:18:16,323.0625488
10-01-2022 00:18:17,323.0625488
10-01-2022 00:18:18,323.0625488
10-01-2022 00:18:19,316.3934224
10-01-2022 00:18:20,316.3934224
10-01-2022 00:18:21,316.3934224
10-01-2022 00:18:22,316.3934224
10-01-2022 00:18:23,309.724296
10-01-2022 00:18:24,309.724296
10-01-2022 00:18:25,309.724296
10-01-2022 00:18:26,309.724296
10-01-2022 00:18:27,309.724296
10-01-2022 00:18:28,309.724296
10-01-2022 00:18:29,309.724296
10-01-2022 00:18:30,309.724296
10-01-2022 00:18:31,323.0625488
10-01-2022 00:18:32,323.0625488
10-01-2022 00:18:33,323.0625488
10-01-2022 00:18:34,323.0625488
10-01-2022 00:18:35,356.4081808
10-01-2022 00:18:36,356.4081808
10-01-2022 00:18:37,356.4081808
10-01-2022 00:18:38,356.4081808
10-01-2022 00:18:39,323.0625488
10-01-2022 00:18:40,323.0625488
10-01-2022 00:18:41,323.0625488
10-01-2022 00:18:42,323.0625488
10-01-2022 00:18:43,316.3934224
10-01-2022 00:18:44,316.3934224
10-01-2022 00:18:45,316.3934224
10-01-2022 00:18:46,316.3934224
10-01-2022 00:18:47,316.3934224
10-01-2022 00:18:48,316.3934224
10-01-2022 00:18:49,316.3934224
10-01-2022 00:18:50,316.3934224
10-01-2022 00:18:52,316.3934224
10-01-2022 00:18:53,316.3934224
10-01-2022 00:18:54,316.3934224
10-01-2022 00:18:55,316.3934224
10-01-2022 00:18:56,329.7316752
10-01-2022 00:18:57,329.7316752
10-01-2022 00:18:58,329.7316752
10-01-2022 00:18:59,329.7316752
10-01-2022 00:19:00,329.7316752
10-01-2022 00:19:01,337.9779376
10-01-2022 00:19:02,337.9779376
10-01-2022 00:19:03,337.9779376
10-01-2022 00:19:04,331.3088112
10-01-2022 00:19:05,331.3088112
10-01-2022 00:19:06,331.3088112
10-01-2022 00:19:07,331.3088112
10-01-2022 00:19:08,371.3235696
10-01-2022 00:19:09,371.3235696
10-01-2022 00:19:10,371.3235696
10-01-2022 00:19:11,371.3235696
10-01-2022 00:19:12,331.3088112
10-01-2022 00:19:13,331.3088112
10-01-2022 00:19:14,331.3088112
10-01-2022 00:19:15,331.3088112
10-01-2022 00:19:16,331.3088112
10-01-2022 00:19:17,331.3088112
10-01-2022 00:19:18,331.3088112
10-01-2022 00:19:19,331.3088112
10-01-2022 00:19:20,337.9779376
10-01-2022 00:19:21,337.9779376
10-01-2022 00:19:22,337.9779376
10-01-2022 00:19:23,337.9779376
10-01-2022 00:19:24,331.3088112
10-01-2022 00:19:25,323.0625488
10-01-2022 00:19:26,323.0625488
10-01-2022 00:19:27,323.0625488
10-01-2022 00:19:28,329.7316752
10-01-2022 00:19:29,329.7316752
10-01-2022 00:19:30,329.7316752
10-01-2022 00:19:31,329.7316752
10-01-2022 00:19:32,323.0625488
10-01-2022 00:19:33,323.0625488
10-01-2022 00:19:34,323.0625488
10-01-2022 00:19:35,323.0625488
10-01-2022 00:19:36,329.7316752
10-01-2022 00:19:37,329.7316752
10-01-2022 00:19:38,329.7316752
10-01-2022 00:19:39,329.7316752
10-01-2022 00:19:40,323.0625488
10-01-2022 00:19:41,323.0625488
10-01-2022 00:19:42,323.0625488
10-01-2022 00:19:43,323.0625488
10-01-2022 00:19:44,329.7316752
10-01-2022 00:19:45,329.7316752
10-01-2022 00:19:46,329.7316752
10-01-2022 00:19:47,329.7316752
10-01-2022 00:19:48,329.7316752
10-01-2022 00:19:49,329.7316752
10-01-2022 00:19:50,329.7316752
10-01-2022 00:19:51,329.7316752
10-01-2022 00:19:52,329.7316752
10-01-2022 00:19:53,329.7316752
10-01-2022 00:19:54,329.7316752
10-01-2022 00:19:55,329.7316752
10-01-2022 00:19:56,329.7316752
10-01-2022 00:19:57,326.5303968
10-01-2022 00:19:58,326.5303968
10-01-2022 00:19:59,326.5303968
10-01-2022 00:20:00,326.5303968
10-01-2022 00:20:01,326.5303968
10-01-2022 00:20:02,326.5303968
10-01-2022 00:20:03,326.5303968
10-01-2022 00:20:04,326.5303968
10-01-2022 00:20:05,326.5303968
10-01-2022 00:20:06,326.5303968
10-01-2022 00:20:07,326.5303968
10-01-2022 00:20:08,326.5303968
10-01-2022 00:20:09,326.5303968
10-01-2022 00:20:10,326.5303968
10-01-2022 00:20:11,326.5303968
10-01-2022 00:20:12,333.1347744
10-01-2022 00:20:13,333.1347744
10-01-2022 00:20:14,333.1347744
10-01-2022 00:20:15,333.1347744
10-01-2022 00:20:16,333.1347744
10-01-2022 00:20:17,333.1347744
10-01-2022 00:20:18,333.1347744
10-01-2022 00:20:19,333.1347744
10-01-2022 00:20:20,319.9260192
10-01-2022 00:20:21,319.9260192
10-01-2022 00:20:22,319.9260192
10-01-2022 00:20:23,319.9260192
10-01-2022 00:20:24,326.5303968
10-01-2022 00:20:25,326.5303968
10-01-2022 00:20:26,326.5303968
10-01-2022 00:20:27,326.5303968
10-01-2022 00:20:28,326.5303968
10-01-2022 00:20:29,329.7316752
10-01-2022 00:20:30,329.7316752
10-01-2022 00:20:31,329.7316752
10-01-2022 00:20:32,329.7316752
10-01-2022 00:20:33,329.7316752
10-01-2022 00:20:34,329.7316752
10-01-2022 00:20:35,329.7316752
10-01-2022 00:20:36,329.7316752
10-01-2022 00:20:37,337.9779376
10-01-2022 00:20:38,337.9779376
10-01-2022 00:20:39,337.9779376
10-01-2022 00:20:40,344.647064
10-01-2022 00:20:41,344.647064
10-01-2022 00:20:42,344.647064
10-01-2022 00:20:43,344.647064
10-01-2022 00:20:44,337.9779376
10-01-2022 00:20:45,337.9779376
10-01-2022 00:20:46,337.9779376
10-01-2022 00:20:47,337.9779376
10-01-2022 00:20:48,337.9779376
10-01-2022 00:20:49,337.9779376
10-01-2022 00:20:50,337.9779376
10-01-2022 00:20:51,337.9779376
10-01-2022 00:20:52,337.9779376
10-01-2022 00:20:53,329.7316752
10-01-2022 00:20:54,329.7316752
10-01-2022 00:20:55,329.7316752
10-01-2022 00:20:56,323.0625488
10-01-2022 00:20:57,323.0625488
10-01-2022 00:20:58,323.0625488
10-01-2022 00:20:59,323.0625488
10-01-2022 00:21:00,329.7316752
10-01-2022 00:21:01,326.5303968
10-01-2022 00:21:02,326.5303968
10-01-2022 00:21:03,326.5303968
10-01-2022 00:21:04,333.1347744
10-01-2022 00:21:05,333.1347744
10-01-2022 00:21:06,333.1347744
10-01-2022 00:21:07,333.1347744
10-01-2022 00:21:08,326.5303968
10-01-2022 00:21:09,326.5303968
10-01-2022 00:21:10,326.5303968
10-01-2022 00:21:11,326.5303968
10-01-2022 00:21:12,319.9260192
10-01-2022 00:21:13,319.9260192
10-01-2022 00:21:14,319.9260192
10-01-2022 00:21:15,319.9260192
10-01-2022 00:21:16,333.1347744
10-01-2022 00:21:17,333.1347744
10-01-2022 00:21:18,333.1347744
10-01-2022 00:21:19,333.1347744
10-01-2022 00:21:20,326.5303968
10-01-2022 00:21:21,326.5303968
10-01-2022 00:21:22,326.5303968
10-01-2022 00:21:23,326.5303968
10-01-2022 00:21:24,319.9260192
10-01-2022 00:21:25,319.9260192
10-01-2022 00:21:26,319.9260192
10-01-2022 00:21:27,319.9260192
10-01-2022 00:21:28,339.739152
10-01-2022 00:21:29,339.739152
10-01-2022 00:21:30,339.739152
10-01-2022 00:21:31,339.739152
10-01-2022 00:21:32,326.5303968
10-01-2022 00:21:33,321.4854128
10-01-2022 00:21:34,321.4854128
10-01-2022 00:21:35,321.4854128
10-01-2022 00:21:36,321.4854128
10-01-2022 00:21:37,321.4854128
10-01-2022 00:21:38,321.4854128
10-01-2022 00:21:39,321.4854128
10-01-2022 00:21:40,314.8162864
10-01-2022 00:21:41,323.0625488
10-01-2022 00:21:42,323.0625488
10-01-2022 00:21:43,323.0625488
10-01-2022 00:21:44,323.0625488
10-01-2022 00:21:45,323.0625488
10-01-2022 00:21:46,323.0625488
10-01-2022 00:21:47,323.0625488
10-01-2022 00:21:48,329.7316752
10-01-2022 00:21:49,337.9779376
10-01-2022 00:21:50,337.9779376
10-01-2022 00:21:51,337.9779376
10-01-2022 00:21:52,337.9779376
10-01-2022 00:21:53,337.9779376
10-01-2022 00:21:54,337.9779376
10-01-2022 00:21:55,337.9779376
10-01-2022 00:21:56,371.3235696
10-01-2022 00:21:57,363.0773072
10-01-2022 00:21:58,363.0773072
10-01-2022 00:21:59,363.0773072
10-01-2022 00:22:00,329.7316752
10-01-2022 00:22:01,329.7316752
10-01-2022 00:22:02,329.7316752
10-01-2022 00:22:03,329.7316752
10-01-2022 00:22:04,329.7316752
10-01-2022 00:22:05,332.9329536
10-01-2022 00:22:06,332.9329536
10-01-2022 00:22:07,332.9329536
10-01-2022 00:22:08,326.1990784
10-01-2022 00:22:09,326.1990784
10-01-2022 00:22:10,326.1990784
10-01-2022 00:22:11,326.1990784
10-01-2022 00:22:13,332.9329536
10-01-2022 00:22:14,324.6066304
10-01-2022 00:22:15,324.6066304
10-01-2022 00:22:16,324.6066304
10-01-2022 00:22:17,317.8727552
10-01-2022 00:22:18,317.8727552
10-01-2022 00:22:19,317.8727552
10-01-2022 00:22:20,317.8727552
10-01-2022 00:22:21,324.6066304
10-01-2022 00:22:22,324.6066304
10-01-2022 00:22:23,324.6066304
10-01-2022 00:22:24,324.6066304
10-01-2022 00:22:25,317.8727552
10-01-2022 00:22:26,317.8727552
10-01-2022 00:22:27,317.8727552
10-01-2022 00:22:28,317.8727552
10-01-2022 00:22:29,324.6066304
10-01-2022 00:22:30,316.2803072
10-01-2022 00:22:31,316.2803072
10-01-2022 00:22:32,316.2803072
10-01-2022 00:22:33,316.2803072
10-01-2022 00:22:34,316.2803072
10-01-2022 00:22:35,316.2803072
10-01-2022 00:22:36,316.2803072
10-01-2022 00:22:37,309.546432
10-01-2022 00:22:38,306.570024
10-01-2022 00:22:39,306.570024
10-01-2022 00:22:40,306.570024
10-01-2022 00:22:41,359.9230352
10-01-2022 00:22:42,359.9230352
10-01-2022 00:22:43,359.9230352
10-01-2022 00:22:44,359.9230352
10-01-2022 00:22:45,313.2391504
10-01-2022 00:22:46,321.4854128
10-01-2022 00:22:47,321.4854128
10-01-2022 00:22:48,321.4854128
10-01-2022 00:22:49,314.8162864
10-01-2022 00:22:50,314.8162864
10-01-2022 00:22:51,314.8162864
10-01-2022 00:22:52,314.8162864
10-01-2022 00:22:53,308.14716
10-01-2022 00:22:54,316.3934224
10-01-2022 00:22:55,316.3934224
10-01-2022 00:22:56,316.3934224
10-01-2022 00:22:57,323.0625488
10-01-2022 00:22:58,323.0625488
10-01-2022 00:22:59,323.0625488
10-01-2022 00:23:00,323.0625488
10-01-2022 00:23:01,316.3934224
10-01-2022 00:23:02,316.3934224
10-01-2022 00:23:03,316.3934224
10-01-2022 00:23:04,316.3934224
10-01-2022 00:23:05,323.0625488
10-01-2022 00:23:06,323.0625488
10-01-2022 00:23:07,323.0625488
10-01-2022 00:23:08,323.0625488
10-01-2022 00:23:09,329.7316752
10-01-2022 00:23:10,313.2391504
10-01-2022 00:23:11,313.2391504
10-01-2022 00:23:12,313.2391504
10-01-2022 00:23:13,346.5847824
10-01-2022 00:23:14,346.5847824
10-01-2022 00:23:15,346.5847824
10-01-2022 00:23:16,346.5847824
10-01-2022 00:23:17,299.9008976
10-01-2022 00:23:18,299.9008976
10-01-2022 00:23:19,299.9008976
10-01-2022 00:23:20,299.9008976
10-01-2022 00:23:21,306.570024
10-01-2022 00:23:22,306.570024
10-01-2022 00:23:23,306.570024
10-01-2022 00:23:24,306.570024
10-01-2022 00:23:25,313.2391504
10-01-2022 00:23:26,313.2391504
10-01-2022 00:23:27,313.2391504
10-01-2022 00:23:28,313.2391504
10-01-2022 00:23:29,313.2391504
10-01-2022 00:23:30,313.2391504
10-01-2022 00:23:31,313.2391504
10-01-2022 00:23:32,313.2391504
10-01-2022 00:23:33,313.2391504
10-01-2022 00:23:34,313.2391504
10-01-2022 00:23:35,313.2391504
10-01-2022 00:23:36,313.2391504
10-01-2022 00:23:37,306.570024
10-01-2022 00:23:38,306.570024
10-01-2022 00:23:39,306.570024
10-01-2022 00:23:40,306.570024
10-01-2022 00:23:41,299.9008976
10-01-2022 00:23:42,299.9008976
10-01-2022 00:23:43,299.9008976
10-01-2022 00:23:44,299.9008976
10-01-2022 00:23:45,299.9008976
10-01-2022 00:23:46,299.9008976
10-01-2022 00:23:47,299.9008976
10-01-2022 00:23:48,299.9008976
10-01-2022 00:23:49,313.2391504
10-01-2022 00:23:50,313.2391504
10-01-2022 00:23:51,313.2391504
10-01-2022 00:23:52,313.2391504
10-01-2022 00:23:53,306.570024
10-01-2022 00:23:54,306.570024
10-01-2022 00:23:55,306.570024
10-01-2022 00:23:56,306.570024
10-01-2022 00:23:57,306.570024
10-01-2022 00:23:58,306.570024
10-01-2022 00:23:59,306.570024
10-01-2022 00:24:00,306.570024
10-01-2022 00:24:01,299.9008976
10-01-2022 00:24:02,299.9008976
10-01-2022 00:24:03,299.9008976
10-01-2022 00:24:04,299.9008976
10-01-2022 00:24:05,306.570024
10-01-2022 00:24:06,306.570024
10-01-2022 00:24:07,306.570024
10-01-2022 00:24:08,306.570024
10-01-2022 00:24:09,299.9008976
10-01-2022 00:24:10,299.9008976
10-01-2022 00:24:11,299.9008976
10-01-2022 00:24:12,299.9008976
10-01-2022 00:24:13,313.2391504
10-01-2022 00:24:14,313.2391504
10-01-2022 00:24:15,313.2391504
10-01-2022 00:24:16,313.2391504
10-01-2022 00:24:17,313.2391504
10-01-2022 00:24:18,313.2391504
10-01-2022 00:24:19,313.2391504
10-01-2022 00:24:20,313.2391504
10-01-2022 00:24:21,299.9008976
10-01-2022 00:24:22,299.9008976
10-01-2022 00:24:23,299.9008976
10-01-2022 00:24:24,299.9008976
10-01-2022 00:24:25,313.2391504
10-01-2022 00:24:26,313.2391504
10-01-2022 00:24:27,313.2391504
10-01-2022 00:24:28,313.2391504
10-01-2022 00:24:29,306.570024
10-01-2022 00:24:30,306.570024
10-01-2022 00:24:31,306.570024
10-01-2022 00:24:32,306.570024
10-01-2022 00:24:33,306.570024
10-01-2022 00:24:34,306.570024
10-01-2022 00:24:35,306.570024
10-01-2022 00:24:36,306.570024
10-01-2022 00:24:37,313.2391504
10-01-2022 00:24:38,313.2391504
10-01-2022 00:24:39,313.2391504
10-01-2022 00:24:40,313.2391504
10-01-2022 00:24:41,313.2391504
10-01-2022 00:24:42,313.2391504
10-01-2022 00:24:43,313.2391504
10-01-2022 00:24:44,313.2391504
10-01-2022 00:24:45,313.2391504
10-01-2022 00:24:46,316.2803072
10-01-2022 00:24:47,316.2803072
10-01-2022 00:24:48,316.2803072
10-01-2022 00:24:49,356.6835584
10-01-2022 00:24:50,356.6835584
10-01-2022 00:24:51,356.6835584
10-01-2022 00:24:52,356.6835584
10-01-2022 00:24:53,316.2803072
10-01-2022 00:24:54,316.2803072
10-01-2022 00:24:55,316.2803072
10-01-2022 00:24:56,316.2803072
10-01-2022 00:24:57,316.2803072
10-01-2022 00:24:58,316.2803072
10-01-2022 00:24:59,316.2803072
10-01-2022 00:25:00,316.2803072
10-01-2022 00:25:01,309.546432
10-01-2022 00:25:02,309.546432
10-01-2022 00:25:03,309.546432
10-01-2022 00:25:04,309.546432
10-01-2022 00:25:05,316.2803072
10-01-2022 00:25:06,316.2803072
10-01-2022 00:25:07,316.2803072
10-01-2022 00:25:08,316.2803072
10-01-2022 00:25:09,316.2803072
10-01-2022 00:25:10,316.2803072
10-01-2022 00:25:11,316.2803072
10-01-2022 00:25:12,316.2803072
10-01-2022 00:25:13,309.546432
10-01-2022 00:25:14,309.546432
10-01-2022 00:25:15,309.546432
10-01-2022 00:25:16,309.546432
10-01-2022 00:25:17,309.546432
10-01-2022 00:25:18,314.8162864
10-01-2022 00:25:19,314.8162864
10-01-2022 00:25:20,314.8162864
10-01-2022 00:25:21,321.4854128
10-01-2022 00:25:22,321.4854128
10-01-2022 00:25:23,321.4854128
10-01-2022 00:25:24,321.4854128
10-01-2022 00:25:25,314.8162864
10-01-2022 00:25:26,314.8162864
10-01-2022 00:25:27,314.8162864
10-01-2022 00:25:28,314.8162864
10-01-2022 00:25:29,314.8162864
10-01-2022 00:25:30,314.8162864
10-01-2022 00:25:31,314.8162864
10-01-2022 00:25:33,314.8162864
10-01-2022 00:25:34,314.8162864
10-01-2022 00:25:35,306.570024
10-01-2022 00:25:36,306.570024
10-01-2022 00:25:37,306.570024
10-01-2022 00:25:38,306.570024
10-01-2022 00:25:39,306.570024
10-01-2022 00:25:40,306.570024
10-01-2022 00:25:41,306.570024
10-01-2022 00:25:42,306.570024
10-01-2022 00:25:43,306.570024
10-01-2022 00:25:44,306.570024
10-01-2022 00:25:45,306.570024
10-01-2022 00:25:46,306.570024
10-01-2022 00:25:47,306.570024
10-01-2022 00:25:48,306.570024
10-01-2022 00:25:49,306.570024
10-01-2022 00:25:50,306.570024
10-01-2022 00:25:51,306.570024
10-01-2022 00:25:52,306.570024
10-01-2022 00:25:53,306.570024
10-01-2022 00:25:54,299.9008976
10-01-2022 00:25:55,299.9008976
10-01-2022 00:25:56,299.9008976
10-01-2022 00:25:57,299.9008976
10-01-2022 00:25:58,306.570024
10-01-2022 00:25:59,298.3237616
10-01-2022 00:26:00,298.3237616
10-01-2022 00:26:01,298.3237616
10-01-2022 00:26:02,298.3237616
10-01-2022 00:26:03,298.3237616
10-01-2022 00:26:04,298.3237616
10-01-2022 00:26:05,298.3237616
10-01-2022 00:26:06,304.992888
10-01-2022 00:26:07,313.2391504
10-01-2022 00:26:08,313.2391504
10-01-2022 00:26:09,313.2391504
10-01-2022 00:26:10,306.570024
10-01-2022 00:26:11,306.570024
10-01-2022 00:26:12,306.570024
10-01-2022 00:26:13,306.570024
10-01-2022 00:26:14,313.2391504
10-01-2022 00:26:15,313.2391504
10-01-2022 00:26:16,313.2391504
10-01-2022 00:26:17,313.2391504
10-01-2022 00:26:18,313.2391504
10-01-2022 00:26:19,313.2391504
10-01-2022 00:26:20,313.2391504
10-01-2022 00:26:21,313.2391504
10-01-2022 00:26:22,306.570024
10-01-2022 00:26:23,303.593616
10-01-2022 00:26:24,303.593616
10-01-2022 00:26:25,303.593616
10-01-2022 00:26:26,349.8242592
10-01-2022 00:26:27,349.8242592
10-01-2022 00:26:28,349.8242592
10-01-2022 00:26:29,349.8242592
10-01-2022 00:26:30,303.593616
10-01-2022 00:26:31,295.4274144
10-01-2022 00:26:32,295.4274144
10-01-2022 00:26:33,295.4274144
10-01-2022 00:26:34,302.031792
10-01-2022 00:26:35,302.031792
10-01-2022 00:26:36,302.031792
10-01-2022 00:26:37,302.031792
10-01-2022 00:26:38,295.4274144
10-01-2022 00:26:39,303.593616
10-01-2022 00:26:40,303.593616
10-01-2022 00:26:41,303.593616
10-01-2022 00:26:42,303.593616
10-01-2022 00:26:43,303.593616
10-01-2022 00:26:44,303.593616
10-01-2022 00:26:45,303.593616
10-01-2022 00:26:46,303.593616
10-01-2022 00:26:47,295.4274144
10-01-2022 00:26:48,295.4274144
10-01-2022 00:26:49,295.4274144
10-01-2022 00:26:50,302.031792
10-01-2022 00:26:51,302.031792
10-01-2022 00:26:52,302.031792
10-01-2022 00:26:53,302.031792
10-01-2022 00:26:54,302.031792
10-01-2022 00:26:55,313.2391504
10-01-2022 00:26:56,313.2391504
10-01-2022 00:26:57,313.2391504
10-01-2022 00:26:58,306.570024
10-01-2022 00:26:59,306.570024
10-01-2022 00:27:00,306.570024
10-01-2022 00:27:01,306.570024
10-01-2022 00:27:02,306.570024
10-01-2022 00:27:03,298.3237616
10-01-2022 00:27:04,298.3237616
10-01-2022 00:27:05,298.3237616
10-01-2022 00:27:06,298.3237616
10-01-2022 00:27:07,298.3237616
10-01-2022 00:27:08,298.3237616
10-01-2022 00:27:09,298.3237616
10-01-2022 00:27:10,298.3237616
10-01-2022 00:27:11,306.570024
10-01-2022 00:27:12,306.570024
10-01-2022 00:27:13,306.570024
10-01-2022 00:27:14,313.2391504
10-01-2022 00:27:15,313.2391504
10-01-2022 00:27:16,313.2391504
10-01-2022 00:27:17,313.2391504
10-01-2022 00:27:18,313.2391504
10-01-2022 00:27:19,304.992888
10-01-2022 00:27:20,304.992888
10-01-2022 00:27:21,304.992888
10-01-2022 00:27:22,304.992888
10-01-2022 00:27:23,304.992888
10-01-2022 00:27:24,304.992888
10-01-2022 00:27:25,304.992888
10-01-2022 00:27:26,298.3237616
10-01-2022 00:27:27,301.2201088
10-01-2022 00:27:28,301.2201088
10-01-2022 00:27:29,301.2201088
10-01-2022 00:27:30,334.8894848
10-01-2022 00:27:31,334.8894848
10-01-2022 00:27:32,334.8894848
10-01-2022 00:27:33,334.8894848
10-01-2022 00:27:34,301.2201088
10-01-2022 00:27:35,309.546432
10-01-2022 00:27:36,309.546432
10-01-2022 00:27:37,309.546432
10-01-2022 00:27:38,309.546432
10-01-2022 00:27:39,309.546432
10-01-2022 00:27:40,309.546432
10-01-2022 00:27:41,309.546432
10-01-2022 00:27:42,316.2803072
10-01-2022 00:27:43,316.2803072
10-01-2022 00:27:44,316.2803072
10-01-2022 00:27:45,316.2803072
10-01-2022 00:27:46,309.546432
10-01-2022 00:27:47,309.546432
10-01-2022 00:27:48,309.546432
10-01-2022 00:27:49,309.546432
10-01-2022 00:27:50,316.2803072
10-01-2022 00:27:51,307.953984
10-01-2022 00:27:52,307.953984
10-01-2022 00:27:53,307.953984
10-01-2022 00:27:54,307.953984
10-01-2022 00:27:55,307.953984
10-01-2022 00:27:56,307.953984
10-01-2022 00:27:57,307.953984
10-01-2022 00:27:58,314.6878592
10-01-2022 00:27:59,316.8023712
10-01-2022 00:28:00,316.8023712
10-01-2022 00:28:01,316.8023712
10-01-2022 00:28:02,310.1979936
10-01-2022 00:28:03,310.1979936
10-01-2022 00:28:04,310.1979936
10-01-2022 00:28:05,310.1979936
10-01-2022 00:28:06,316.8023712
10-01-2022 00:28:07,308.6361696
10-01-2022 00:28:08,308.6361696
10-01-2022 00:28:09,308.6361696
10-01-2022 00:28:10,302.031792
10-01-2022 00:28:11,302.031792
10-01-2022 00:28:12,302.031792
10-01-2022 00:28:13,302.031792
10-01-2022 00:28:14,302.031792
10-01-2022 00:28:15,302.031792
10-01-2022 00:28:16,302.031792
10-01-2022 00:28:17,302.031792
10-01-2022 00:28:18,308.6361696
10-01-2022 00:28:19,308.6361696
10-01-2022 00:28:20,308.6361696
10-01-2022 00:28:21,308.6361696
10-01-2022 00:28:22,302.031792
10-01-2022 00:28:23,302.031792
10-01-2022 00:28:24,302.031792
10-01-2022 00:28:25,302.031792
10-01-2022 00:28:26,308.6361696
10-01-2022 00:28:27,308.6361696
10-01-2022 00:28:28,308.6361696
10-01-2022 00:28:29,308.6361696
10-01-2022 00:28:30,302.031792
10-01-2022 00:28:31,313.2391504
10-01-2022 00:28:32,313.2391504
10-01-2022 00:28:33,313.2391504
10-01-2022 00:28:34,313.2391504
10-01-2022 00:28:35,313.2391504
10-01-2022 00:28:36,313.2391504
10-01-2022 00:28:37,313.2391504
10-01-2022 00:28:38,313.2391504
10-01-2022 00:28:39,304.992888
10-01-2022 00:28:40,304.992888
10-01-2022 00:28:41,304.992888
10-01-2022 00:28:42,304.992888
10-01-2022 00:28:43,304.992888
10-01-2022 00:28:44,304.992888
10-01-2022 00:28:45,304.992888
10-01-2022 00:28:46,304.992888
10-01-2022 00:28:47,313.2391504
10-01-2022 00:28:48,313.2391504
10-01-2022 00:28:49,313.2391504
10-01-2022 00:28:50,306.570024
10-01-2022 00:28:51,306.570024
10-01-2022 00:28:52,306.570024
10-01-2022 00:28:53,306.570024
10-01-2022 00:28:55,306.570024
10-01-2022 00:28:56,290.0774992
10-01-2022 00:28:57,290.0774992
10-01-2022 00:28:58,290.0774992
10-01-2022 00:28:59,290.0774992
10-01-2022 00:29:00,290.0774992
10-01-2022 00:29:01,290.0774992
10-01-2022 00:29:02,290.0774992
10-01-2022 00:29:03,290.0774992
10-01-2022 00:29:04,298.3237616
10-01-2022 00:29:05,298.3237616
10-01-2022 00:29:06,298.3237616
10-01-2022 00:29:07,345.0076464
10-01-2022 00:29:08,345.0076464
10-01-2022 00:29:09,345.0076464
10-01-2022 00:29:10,345.0076464
10-01-2022 00:29:11,304.992888
10-01-2022 00:29:12,304.992888
10-01-2022 00:29:13,304.992888
10-01-2022 00:29:14,304.992888
10-01-2022 00:29:15,298.3237616
10-01-2022 00:29:16,298.3237616
10-01-2022 00:29:17,298.3237616
10-01-2022 00:29:18,298.3237616
10-01-2022 00:29:19,304.992888
10-01-2022 00:29:20,304.992888
10-01-2022 00:29:21,304.992888
10-01-2022 00:29:22,304.992888
10-01-2022 00:29:23,304.992888
10-01-2022 00:29:24,304.992888
10-01-2022 00:29:25,304.992888
10-01-2022 00:29:26,304.992888
10-01-2022 00:29:27,304.992888
10-01-2022 00:29:28,304.992888
10-01-2022 00:29:29,304.992888
10-01-2022 00:29:30,304.992888
10-01-2022 00:29:31,318.3311408
10-01-2022 00:29:32,318.3311408
10-01-2022 00:29:33,318.3311408
10-01-2022 00:29:34,318.3311408
10-01-2022 00:29:35,298.3237616
10-01-2022 00:29:36,298.3237616
10-01-2022 00:29:37,298.3237616
10-01-2022 00:29:38,298.3237616
10-01-2022 00:29:39,304.992888
10-01-2022 00:29:40,304.992888
10-01-2022 00:29:41,304.992888
10-01-2022 00:29:42,304.992888
10-01-2022 00:29:43,304.992888
10-01-2022 00:29:44,296.7466256
10-01-2022 00:29:45,296.7466256
10-01-2022 00:29:46,296.7466256
10-01-2022 00:29:47,290.0774992
10-01-2022 00:29:48,290.0774992
10-01-2022 00:29:49,290.0774992
10-01-2022 00:29:50,290.0774992
10-01-2022 00:29:51,296.7466256
10-01-2022 00:29:52,296.7466256
10-01-2022 00:29:53,296.7466256
10-01-2022 00:29:54,296.7466256
10-01-2022 00:29:55,296.7466256
10-01-2022 00:29:56,296.7466256
10-01-2022 00:29:57,296.7466256
10-01-2022 00:29:58,296.7466256
10-01-2022 00:29:59,296.7466256
10-01-2022 00:30:00,296.7466256
10-01-2022 00:30:01,296.7466256
10-01-2022 00:30:02,296.7466256
10-01-2022 00:30:03,296.7466256
10-01-2022 00:30:04,296.7466256
10-01-2022 00:30:05,296.7466256
10-01-2022 00:30:06,296.7466256
10-01-2022 00:30:07,290.0774992
10-01-2022 00:30:08,298.3237616
10-01-2022 00:30:09,298.3237616
10-01-2022 00:30:10,298.3237616
10-01-2022 00:30:11,298.3237616
10-01-2022 00:30:12,298.3237616
10-01-2022 00:30:13,298.3237616
10-01-2022 00:30:14,298.3237616
10-01-2022 00:30:15,304.992888
10-01-2022 00:30:16,296.7466256
10-01-2022 00:30:17,296.7466256
10-01-2022 00:30:18,296.7466256
10-01-2022 00:30:19,290.0774992
10-01-2022 00:30:20,290.0774992
10-01-2022 00:30:21,290.0774992
10-01-2022 00:30:22,290.0774992
10-01-2022 00:30:23,296.7466256
10-01-2022 00:30:24,296.7466256
10-01-2022 00:30:25,296.7466256
10-01-2022 00:30:26,296.7466256
10-01-2022 00:30:27,296.7466256
10-01-2022 00:30:28,296.7466256
10-01-2022 00:30:29,296.7466256
10-01-2022 00:30:30,296.7466256
10-01-2022 00:30:31,296.7466256
10-01-2022 00:30:32,296.7466256
10-01-2022 00:30:33,296.7466256
10-01-2022 00:30:34,296.7466256
10-01-2022 00:30:35,323.4231312
10-01-2022 00:30:36,323.4231312
10-01-2022 00:30:37,323.4231312
10-01-2022 00:30:38,323.4231312
10-01-2022 00:30:39,296.7466256
10-01-2022 00:30:40,296.7466256
10-01-2022 00:30:41,296.7466256
10-01-2022 00:30:42,296.7466256
10-01-2022 00:30:43,290.0774992
10-01-2022 00:30:44,290.0774992
10-01-2022 00:30:45,290.0774992
10-01-2022 00:30:46,290.0774992
10-01-2022 00:30:47,296.7466256
10-01-2022 00:30:48,296.7466256
10-01-2022 00:30:49,296.7466256
10-01-2022 00:30:50,296.7466256
10-01-2022 00:30:51,296.7466256
10-01-2022 00:30:52,296.7466256
10-01-2022 00:30:53,296.7466256
10-01-2022 00:30:54,296.7466256
10-01-2022 00:30:55,296.7466256
10-01-2022 00:30:56,296.7466256
10-01-2022 00:30:57,296.7466256
10-01-2022 00:30:58,296.7466256
10-01-2022 00:30:59,283.4083728
10-01-2022 00:31:00,283.4083728
10-01-2022 00:31:01,283.4083728
10-01-2022 00:31:02,283.4083728
10-01-2022 00:31:03,290.0774992
10-01-2022 00:31:04,290.0774992
10-01-2022 00:31:05,290.0774992
10-01-2022 00:31:06,290.0774992
10-01-2022 00:31:07,290.0774992
10-01-2022 00:31:08,290.0774992
10-01-2022 00:31:09,290.0774992
10-01-2022 00:31:10,290.0774992
10-01-2022 00:31:11,283.4083728
10-01-2022 00:31:12,275.1621104
10-01-2022 00:31:13,275.1621104
10-01-2022 00:31:14,275.1621104
10-01-2022 00:31:15,281.8312368
10-01-2022 00:31:16,281.8312368
10-01-2022 00:31:17,281.8312368
10-01-2022 00:31:18,281.8312368
10-01-2022 00:31:19,275.1621104
10-01-2022 00:31:20,283.4083728
10-01-2022 00:31:21,283.4083728
10-01-2022 00:31:22,283.4083728
10-01-2022 00:31:23,290.0774992
10-01-2022 00:31:24,290.0774992
10-01-2022 00:31:25,290.0774992
10-01-2022 00:31:26,290.0774992
10-01-2022 00:31:27,283.4083728
10-01-2022 00:31:28,283.4083728
10-01-2022 00:31:29,283.4083728
10-01-2022 00:31:30,283.4083728
10-01-2022 00:31:31,296.7466256
10-01-2022 00:31:32,296.7466256
10-01-2022 00:31:33,296.7466256
10-01-2022 00:31:34,296.7466256
10-01-2022 00:31:35,303.415752
10-01-2022 00:31:36,295.1694896
10-01-2022 00:31:37,295.1694896
10-01-2022 00:31:38,295.1694896
10-01-2022 00:31:39,321.8459952
10-01-2022 00:31:40,321.8459952
10-01-2022 00:31:41,321.8459952
10-01-2022 00:31:42,321.8459952
10-01-2022 00:31:43,275.1621104
10-01-2022 00:31:44,275.1621104
10-01-2022 00:31:45,275.1621104
10-01-2022 00:31:46,275.1621104
10-01-2022 00:31:47,281.8312368
10-01-2022 00:31:48,281.8312368
10-01-2022 00:31:49,281.8312368
10-01-2022 00:31:50,281.8312368
10-01-2022 00:31:51,281.8312368
10-01-2022 00:31:52,290.0774992
10-01-2022 00:31:53,290.0774992
10-01-2022 00:31:54,290.0774992
10-01-2022 00:31:55,290.0774992
10-01-2022 00:31:56,290.0774992
10-01-2022 00:31:57,290.0774992
10-01-2022 00:31:58,290.0774992
10-01-2022 00:31:59,283.4083728
10-01-2022 00:32:00,291.6546352
10-01-2022 00:32:01,291.6546352
10-01-2022 00:32:02,291.6546352
10-01-2022 00:32:03,304.992888
10-01-2022 00:32:04,304.992888
10-01-2022 00:32:05,304.992888
10-01-2022 00:32:06,304.992888
10-01-2022 00:32:07,298.3237616
10-01-2022 00:32:08,298.3237616
10-01-2022 00:32:09,298.3237616
10-01-2022 00:32:10,298.3237616
10-01-2022 00:32:11,304.992888
10-01-2022 00:32:12,304.992888
10-01-2022 00:32:13,304.992888
10-01-2022 00:32:14,304.992888
10-01-2022 00:32:16,304.992888
10-01-2022 00:32:17,304.992888
10-01-2022 00:32:18,304.992888
10-01-2022 00:32:19,304.992888
10-01-2022 00:32:20,304.992888
10-01-2022 00:32:21,304.992888
10-01-2022 00:32:22,304.992888
10-01-2022 00:32:23,304.992888
10-01-2022 00:32:24,298.3237616
10-01-2022 00:32:25,290.0774992
10-01-2022 00:32:26,290.0774992
10-01-2022 00:32:27,290.0774992
10-01-2022 00:32:28,290.0774992
10-01-2022 00:32:29,290.0774992
10-01-2022 00:32:30,290.0774992
10-01-2022 00:32:31,290.0774992
10-01-2022 00:32:32,290.0774992
10-01-2022 00:32:33,290.0774992
10-01-2022 00:32:34,290.0774992
10-01-2022 00:32:35,290.0774992
10-01-2022 00:32:36,296.7466256
10-01-2022 00:32:37,296.7466256
10-01-2022 00:32:38,296.7466256
10-01-2022 00:32:39,296.7466256
10-01-2022 00:32:40,296.7466256
10-01-2022 00:32:41,296.7466256
10-01-2022 00:32:42,296.7466256
10-01-2022 00:32:43,296.7466256
10-01-2022 00:32:44,290.0774992
10-01-2022 00:32:45,290.0774992
10-01-2022 00:32:46,290.0774992
10-01-2022 00:32:47,290.0774992
10-01-2022 00:32:48,296.7466256
10-01-2022 00:32:49,293.8655904
10-01-2022 00:32:50,293.8655904
10-01-2022 00:32:51,293.8655904
10-01-2022 00:32:52,287.2612128
10-01-2022 00:32:53,287.2612128
10-01-2022 00:32:54,287.2612128
10-01-2022 00:32:55,287.2612128
10-01-2022 00:32:56,293.8655904
10-01-2022 00:32:57,293.8655904
10-01-2022 00:32:58,293.8655904
10-01-2022 00:32:59,293.8655904
10-01-2022 00:33:00,287.2612128
10-01-2022 00:33:01,287.2612128
10-01-2022 00:33:02,287.2612128
10-01-2022 00:33:03,287.2612128
10-01-2022 00:33:04,287.2612128
10-01-2022 00:33:05,287.2612128
10-01-2022 00:33:06,287.2612128
10-01-2022 00:33:07,287.2612128
10-01-2022 00:33:08,307.0743456
10-01-2022 00:33:09,307.0743456
10-01-2022 00:33:10,307.0743456
10-01-2022 00:33:11,307.0743456
10-01-2022 00:33:12,293.8655904
10-01-2022 00:33:13,293.8655904
10-01-2022 00:33:14,293.8655904
10-01-2022 00:33:15,293.8655904
10-01-2022 00:33:16,287.2612128
10-01-2022 00:33:17,287.2612128
10-01-2022 00:33:18,287.2612128
10-01-2022 00:33:19,287.2612128
10-01-2022 00:33:20,287.2612128
10-01-2022 00:33:21,281.8312368
10-01-2022 00:33:22,281.8312368
10-01-2022 00:33:23,281.8312368
10-01-2022 00:33:24,281.8312368
10-01-2022 00:33:25,281.8312368
10-01-2022 00:33:26,281.8312368
10-01-2022 00:33:27,281.8312368
10-01-2022 00:33:28,288.5003632
10-01-2022 00:33:29,296.7466256
10-01-2022 00:33:30,296.7466256
10-01-2022 00:33:31,296.7466256
10-01-2022 00:33:32,296.7466256
10-01-2022 00:33:33,296.7466256
10-01-2022 00:33:34,296.7466256
10-01-2022 00:33:35,296.7466256
10-01-2022 00:33:36,296.7466256
10-01-2022 00:33:37,296.7466256
10-01-2022 00:33:38,296.7466256
10-01-2022 00:33:39,296.7466256
10-01-2022 00:33:40,296.7466256
10-01-2022 00:33:41,296.7466256
10-01-2022 00:33:42,296.7466256
10-01-2022 00:33:43,296.7466256
10-01-2022 00:33:44,296.7466256
10-01-2022 00:33:45,296.7466256
10-01-2022 00:33:46,296.7466256
10-01-2022 00:33:47,296.7466256
10-01-2022 00:33:48,296.7466256
10-01-2022 00:33:49,296.7466256
10-01-2022 00:33:50,296.7466256
10-01-2022 00:33:51,296.7466256
10-01-2022 00:33:52,296.7466256
10-01-2022 00:33:53,299.6276608
10-01-2022 00:33:54,299.6276608
10-01-2022 00:33:55,299.6276608
10-01-2022 00:33:56,292.8937856
10-01-2022 00:33:57,292.8937856
10-01-2022 00:33:58,292.8937856
10-01-2022 00:33:59,292.8937856
10-01-2022 00:34:00,299.6276608
10-01-2022 00:34:01,299.6276608
10-01-2022 00:34:02,299.6276608
10-01-2022 00:34:03,299.6276608
10-01-2022 00:34:04,306.361536
10-01-2022 00:34:05,306.361536
10-01-2022 00:34:06,306.361536
10-01-2022 00:34:07,306.361536
10-01-2022 00:34:08,299.6276608
10-01-2022 00:34:09,299.6276608
10-01-2022 00:34:10,299.6276608
10-01-2022 00:34:11,299.6276608
10-01-2022 00:34:12,340.030912
10-01-2022 00:34:13,340.030912
10-01-2022 00:34:14,340.030912
10-01-2022 00:34:15,340.030912
10-01-2022 00:34:16,292.8937856
10-01-2022 00:34:17,284.5674624
10-01-2022 00:34:18,284.5674624
10-01-2022 00:34:19,284.5674624
10-01-2022 00:34:20,291.3013376
10-01-2022 00:34:21,291.3013376
10-01-2022 00:34:22,291.3013376
10-01-2022 00:34:23,291.3013376
10-01-2022 00:34:24,298.0352128
10-01-2022 00:34:25,311.6620144
10-01-2022 00:34:26,311.6620144
10-01-2022 00:34:27,311.6620144
10-01-2022 00:34:28,298.3237616
10-01-2022 00:34:29,298.3237616
10-01-2022 00:34:30,298.3237616
10-01-2022 00:34:31,298.3237616
10-01-2022 00:34:32,338.33852
10-01-2022 00:34:33,330.0922576
10-01-2022 00:34:34,330.0922576
10-01-2022 00:34:35,330.0922576
10-01-2022 00:34:36,296.7466256
10-01-2022 00:34:37,296.7466256
10-01-2022 00:34:38,296.7466256
10-01-2022 00:34:39,296.7466256
10-01-2022 00:34:40,296.7466256
10-01-2022 00:34:41,288.5003632
10-01-2022 00:34:42,288.5003632
10-01-2022 00:34:43,288.5003632
10-01-2022 00:34:44,288.5003632
10-01-2022 00:34:45,288.5003632
10-01-2022 00:34:46,288.5003632
10-01-2022 00:34:47,288.5003632
10-01-2022 00:34:48,295.1694896
10-01-2022 00:34:49,303.415752
10-01-2022 00:34:50,303.415752
10-01-2022 00:34:51,303.415752
10-01-2022 00:34:52,296.7466256
10-01-2022 00:34:53,296.7466256
10-01-2022 00:34:54,296.7466256
10-01-2022 00:34:55,303.415752
10-01-2022 00:34:56,303.415752
10-01-2022 00:34:57,303.415752
10-01-2022 00:34:58,303.415752
10-01-2022 00:34:59,303.415752
10-01-2022 00:35:00,303.415752
10-01-2022 00:35:01,303.415752
10-01-2022 00:35:02,303.415752
10-01-2022 00:35:03,296.7466256
10-01-2022 00:35:04,288.5003632
10-01-2022 00:35:05,288.5003632
10-01-2022 00:35:06,288.5003632
10-01-2022 00:35:07,295.1694896
10-01-2022 00:35:08,295.1694896
10-01-2022 00:35:09,295.1694896
10-01-2022 00:35:10,295.1694896
10-01-2022 00:35:11,295.1694896
10-01-2022 00:35:12,303.415752
10-01-2022 00:35:13,303.415752
10-01-2022 00:35:14,303.415752
10-01-2022 00:35:15,290.0774992
10-01-2022 00:35:16,290.0774992
10-01-2022 00:35:17,290.0774992
10-01-2022 00:35:18,290.0774992
10-01-2022 00:35:19,303.415752
10-01-2022 00:35:20,303.415752
10-01-2022 00:35:21,303.415752
10-01-2022 00:35:22,303.415752
10-01-2022 00:35:23,296.7466256
10-01-2022 00:35:24,296.7466256
10-01-2022 00:35:25,296.7466256
10-01-2022 00:35:26,296.7466256
10-01-2022 00:35:27,303.415752
10-01-2022 00:35:28,300.469968
10-01-2022 00:35:29,300.469968
10-01-2022 00:35:30,300.469968
10-01-2022 00:35:31,300.469968
10-01-2022 00:35:32,300.469968
10-01-2022 00:35:33,300.469968
10-01-2022 00:35:34,300.469968
10-01-2022 00:35:35,307.0743456
10-01-2022 00:35:37,307.0743456
10-01-2022 00:35:38,307.0743456
10-01-2022 00:35:39,307.0743456
10-01-2022 00:35:40,293.8655904
10-01-2022 00:35:41,293.8655904
10-01-2022 00:35:42,293.8655904
10-01-2022 00:35:43,293.8655904
10-01-2022 00:35:44,293.8655904
10-01-2022 00:35:45,285.6993888
10-01-2022 00:35:46,285.6993888
10-01-2022 00:35:47,285.6993888
10-01-2022 00:35:48,285.6993888
10-01-2022 00:35:49,285.6993888
10-01-2022 00:35:50,285.6993888
10-01-2022 00:35:51,285.6993888
10-01-2022 00:35:52,292.3037664
10-01-2022 00:35:53,300.469968
10-01-2022 00:35:54,300.469968
10-01-2022 00:35:55,300.469968
10-01-2022 00:35:56,293.8655904
10-01-2022 00:35:57,293.8655904
10-01-2022 00:35:58,293.8655904
10-01-2022 00:35:59,293.8655904
10-01-2022 00:36:00,300.469968
10-01-2022 00:36:01,295.1694896
10-01-2022 00:36:02,295.1694896
10-01-2022 00:36:03,295.1694896
10-01-2022 00:36:04,295.1694896
10-01-2022 00:36:05,301.838616
10-01-2022 00:36:06,310.0848784
10-01-2022 00:36:07,310.0848784
10-01-2022 00:36:08,310.0848784
10-01-2022 00:36:09,303.415752
10-01-2022 00:36:10,303.415752
10-01-2022 00:36:11,303.415752
10-01-2022 00:36:12,303.415752
10-01-2022 00:36:13,303.415752
10-01-2022 00:36:14,303.415752
10-01-2022 00:36:15,303.415752
10-01-2022 00:36:16,303.415752
10-01-2022 00:36:17,310.0848784
10-01-2022 00:36:18,310.0848784
10-01-2022 00:36:19,310.0848784
10-01-2022 00:36:20,310.0848784
10-01-2022 00:36:21,336.761384
10-01-2022 00:36:22,340.030912
10-01-2022 00:36:23,340.030912
10-01-2022 00:36:24,340.030912
10-01-2022 00:36:25,306.361536
10-01-2022 00:36:26,306.361536
10-01-2022 00:36:27,306.361536
10-01-2022 00:36:28,306.361536
10-01-2022 00:36:29,313.0954112
10-01-2022 00:36:30,313.0954112
10-01-2022 00:36:31,313.0954112
10-01-2022 00:36:32,313.0954112
10-01-2022 00:36:33,313.0954112
10-01-2022 00:36:34,313.0954112
10-01-2022 00:36:35,313.0954112
10-01-2022 00:36:36,313.0954112
10-01-2022 00:36:37,326.5631616
10-01-2022 00:36:38,284.9315456
10-01-2022 00:36:39,284.9315456
10-01-2022 00:36:40,284.9315456
10-01-2022 00:36:41,284.9315456
10-01-2022 00:36:42,284.9315456
10-01-2022 00:36:43,284.9315456
10-01-2022 00:36:44,284.9315456
10-01-2022 00:36:45,284.9315456
10-01-2022 00:36:46,376.6052224
10-01-2022 00:36:47,376.6052224
10-01-2022 00:36:48,376.6052224
10-01-2022 00:36:49,376.6052224
10-01-2022 00:36:50,376.6052224
10-01-2022 00:36:51,376.6052224
10-01-2022 00:36:52,376.6052224
10-01-2022 00:36:53,376.6052224
10-01-2022 00:36:54,290.4380816
10-01-2022 00:36:55,290.4380816
10-01-2022 00:36:56,290.4380816
10-01-2022 00:36:57,290.4380816
10-01-2022 00:36:58,290.4380816
